"Customweb_BNPMercanetCw::* Required Fields","* Erforderliche Felder"
"Customweb_BNPMercanetCw::-- No Status Change --","-- Keine Statusänderung --"
"Customweb_BNPMercanetCw::0","0"
"Customweb_BNPMercanetCw::1","1"
"Customweb_BNPMercanetCw::10","10"
"Customweb_BNPMercanetCw::11","11"
"Customweb_BNPMercanetCw::12","12"
"Customweb_BNPMercanetCw::13","13"
"Customweb_BNPMercanetCw::14","14"
"Customweb_BNPMercanetCw::15","15"
"Customweb_BNPMercanetCw::16","16"
"Customweb_BNPMercanetCw::17","17"
"Customweb_BNPMercanetCw::18","18"
"Customweb_BNPMercanetCw::19","19"
"Customweb_BNPMercanetCw::2","2"
"Customweb_BNPMercanetCw::20","20"
"Customweb_BNPMercanetCw::21","21"
"Customweb_BNPMercanetCw::22","22"
"Customweb_BNPMercanetCw::23","23"
"Customweb_BNPMercanetCw::24","24"
"Customweb_BNPMercanetCw::25","25"
"Customweb_BNPMercanetCw::26","26"
"Customweb_BNPMercanetCw::27","27"
"Customweb_BNPMercanetCw::28","28"
"Customweb_BNPMercanetCw::29","29"
"Customweb_BNPMercanetCw::3","3"
"Customweb_BNPMercanetCw::30","30"
"Customweb_BNPMercanetCw::3D Secure","3D Secure"
"Customweb_BNPMercanetCw::3D Secure Authentication","3D Secure Authentifikation"
"Customweb_BNPMercanetCw::3D Secure Minimum amount","3D Secure Minimum amount"
"Customweb_BNPMercanetCw::3D Secure failed","3D Secure ist fehlgeschlagen."
"Customweb_BNPMercanetCw::3D Secure sucess","3D Secure erfolgreich"
"Customweb_BNPMercanetCw::4","4"
"Customweb_BNPMercanetCw::5","5"
"Customweb_BNPMercanetCw::6","6"
"Customweb_BNPMercanetCw::7","7"
"Customweb_BNPMercanetCw::8","8"
"Customweb_BNPMercanetCw::9","9"
"Customweb_BNPMercanetCw::<span class=""card-expiry-format-note"">The expected format is '!format' where the 'MM' means the month number and 'YY' the year number.</span>","<span class=""card-expiry-format-note"">Das Ablaufdatumsformat ist '!format', wobei 'MM' für den Monat steht und 'YY' für das Jahr.</span>"
"Customweb_BNPMercanetCw::A authorized transaction cannot be authorized again.","Eine autorisierte Transaktion kann nicht noch einmal autorisiert werden."
"Customweb_BNPMercanetCw::A authorized transaction cannot be marked as failed.","Eine autorisierte Transaktion kann nicht als fehlgeschlagen markiert werden."
"Customweb_BNPMercanetCw::A cancelled transaction cannot be authorized.","Eine stornierte Transaktion kann nicht autorisiert werden."
"Customweb_BNPMercanetCw::A cancelled transaction cannot be cancelled again.","Eine stornierte Transaktion kann nicht noch einmal storniert werden."
"Customweb_BNPMercanetCw::A cancelled transaction cannot be captured.","Eine stornierte Transaktion kann nicht verbucht werden."
"Customweb_BNPMercanetCw::A cancelled transaction cannot be marked as failed.","Eine stornierte Transaktion kann nicht als fehlgeschlagen markiert werden."
"Customweb_BNPMercanetCw::A cancelled transaction cannot be refunded.","Eine stornierte Transaktion kann nicht gutgeschrieben werden."
"Customweb_BNPMercanetCw::A captured transaction cannot be authorized.","Eine gebuchte Transaktion kann nicht autorisiert werden."
"Customweb_BNPMercanetCw::A captured transaction cannot be cancelled.","Eine gebuchte Transaktion kann nicht storniert werden."
"Customweb_BNPMercanetCw::A captured transaction cannot be marked as failed.","Eine verbuchte Transaktion kann nicht als fehlgeschlagen markiert werden."
"Customweb_BNPMercanetCw::A failed authorization cannot be authorized.","Eine fehlgeschlagene Transaktion kann nicht autorisiert werden."
"Customweb_BNPMercanetCw::A payment method may not available for customers from different counties. You can decide when this availability check should happen. We recommend to set it during authorization","Manche Zahlungsmethoden sind für gewisse Länder nicht erlaubt. Hier können Sie definieren zu welchem Zeitpunkt der Verfügbarkeits-Check durchgeführt werden soll. Wir empfehlen 'Während der Autorisierung'."
"Customweb_BNPMercanetCw::A refund was added over !amount.","Eine Gutschrift über '!amount' wurde hinzugefügt."
"Customweb_BNPMercanetCw::A transaction may be uncertain, when the payment is not guaranteed. For example in case the credit card does not participate in the 3D procedure.","Eine Transaktion kann unsicher sein wenn die Bezahlung nicht garantiert ist. Zum Beispiel wenn die Kreditkarte nicht Teil des 3D Secure Prozesses ist."
"Customweb_BNPMercanetCw::About","Über"
"Customweb_BNPMercanetCw::Account Holder Name","Kontoinhaber"
"Customweb_BNPMercanetCw::Account owner name.","Kontoinhaber"
"Customweb_BNPMercanetCw::Action","Aktion"
"Customweb_BNPMercanetCw::Actions","Aktionen"
"Customweb_BNPMercanetCw::Activate","Aktiv"
"Customweb_BNPMercanetCw::Activate the payment method that you want to accept payments with.","Aktivieren Sie die Zahlungsmethode, mit der Sie Zahlungen akzeptieren möchten."
"Customweb_BNPMercanetCw::Active","Aktiv"
"Customweb_BNPMercanetCw::Additional Information","Zusätzliche Informationen"
"Customweb_BNPMercanetCw::Adjust Qty","Anzahl anpassen"
"Customweb_BNPMercanetCw::Adjustment Discount","Korrektur-Ermässigung"
"Customweb_BNPMercanetCw::Adjustment Fee","Bearbeitungsgebühr"
"Customweb_BNPMercanetCw::After payment selection","Nach der Wahl der Zahlungsmethode"
"Customweb_BNPMercanetCw::Ajax authorization not supported.","Ajax-Autorisierung wird nicht unterstützt."
"Customweb_BNPMercanetCw::Alias","Alias"
"Customweb_BNPMercanetCw::Alias For Display","Beispiel-Alias"
"Customweb_BNPMercanetCw::All Customers","Alle Kunden"
"Customweb_BNPMercanetCw::Allowed Currencies","Erlaubte Währungen"
"Customweb_BNPMercanetCw::Allowed currencies for this payment method","Erlaubte Währungen für diese Zahlungsmethode"
"Customweb_BNPMercanetCw::Already registered?","Bereits registriert?"
"Customweb_BNPMercanetCw::Always Checkout as Guest","Immer als Gast auschecken"
"Customweb_BNPMercanetCw::American Express","American Express"
"Customweb_BNPMercanetCw::Amount","Betrag"
"Customweb_BNPMercanetCw::Amount Incl. Tax","Betrag inkl. Steuern"
"Customweb_BNPMercanetCw::Are you sure you want to cancel this order?","Sind Sie sicher, dass Sie diese Bestellung stornieren möchten?"
"Customweb_BNPMercanetCw::Author","Autor"
"Customweb_BNPMercanetCw::Authorisation request to be performed via telephone with the issuer, as the card authorisation threshold has been exceeded, if the forcing is authorised for the merchant.","Die Autorisation muss telefonisch mit dem Kreditkartenherausgeber geklärt werden, da die Autorisierungsgrenze überschritten wird, wenn die Autorisation durch den Händler erzwungen wird."
"Customweb_BNPMercanetCw::Authorization Amount","Autorisierungsbetrag"
"Customweb_BNPMercanetCw::Authorization Failed","Autorisierung fehlgeschlagen"
"Customweb_BNPMercanetCw::Authorization Method","Autorisierungsmethode"
"Customweb_BNPMercanetCw::Authorization is uncertain.","Autorisierung ist unsicher"
"Customweb_BNPMercanetCw::Authorized Status","Autorisationsstatus"
"Customweb_BNPMercanetCw::Await Notification","Benachrichtigung abwarten"
"Customweb_BNPMercanetCw::Awaiting confirmation","Warten auf die Bestätigung"
"Customweb_BNPMercanetCw::BIC","BIC"
"Customweb_BNPMercanetCw::Bad signature format.","Das Format der Signatur ist fehlerhaft"
"Customweb_BNPMercanetCw::Bank Location","Bank Standort"
"Customweb_BNPMercanetCw::Bank Name","Name der Bank"
"Customweb_BNPMercanetCw::Bank account number","Bankkonto"
"Customweb_BNPMercanetCw::Bank code number","Bankcodenummer"
"Customweb_BNPMercanetCw::Before payment selection","Vor der Wahl der Zahlungsmethode"
"Customweb_BNPMercanetCw::Billing Address","Rechnungsadresse"
"Customweb_BNPMercanetCw::Billing Information","Rechnungsinformationen"
"Customweb_BNPMercanetCw::Billing address","Billing address"
"Customweb_BNPMercanetCw::Black Card","Black Card"
"Customweb_BNPMercanetCw::Brand Name","Markenname"
"Customweb_BNPMercanetCw::By pass 3D secure","3D Secure umgehen"
"Customweb_BNPMercanetCw::By setting the capturing the reservation can be captured directly after the order or later manually over the backend of the store.","Mit den Einstellungen zur Verbuchung kann eine Reservierung entweder direkt nach der Bestellung oder nachträglich im Backend des Shops verbucht werden."
"Customweb_BNPMercanetCw::CVC Code","CVC Code"
"Customweb_BNPMercanetCw::Can not be empty","Can not be empty"
"Customweb_BNPMercanetCw::Cancel","Stornieren"
"Customweb_BNPMercanetCw::Cancel ID","Stornierungs ID"
"Customweb_BNPMercanetCw::Cancel pending orders when out of stock","Ausstehende Bestellungen stornieren, wenn der Artikel nicht mehr an Lager ist."
"Customweb_BNPMercanetCw::Cancel status","Stornierungsstatus"
"Customweb_BNPMercanetCw::Canceled BNPMercanetCw","Abbrechen BNPMercanetCw"
"Customweb_BNPMercanetCw::Canceling of this payment not possible!","Stornieren dieser Zahlung ist nicht möglich!"
"Customweb_BNPMercanetCw::Cancelled Status","Status für abgebrochene Bestellungen"
"Customweb_BNPMercanetCw::Cannot update item quantity.","Die Artikelanzahl kann nicht aktualisiert werden."
"Customweb_BNPMercanetCw::Capture Amount","Buchungsbetrag"
"Customweb_BNPMercanetCw::Capture Delay","Verbuchungsverzögerung"
"Customweb_BNPMercanetCw::Capture ID","Buchungs ID"
"Customweb_BNPMercanetCw::Capture amount","Verbuchungsbetrag"
"Customweb_BNPMercanetCw::Capture information","Buchungs Informationen"
"Customweb_BNPMercanetCw::Capture status","Verbuchungsstatus"
"Customweb_BNPMercanetCw::Capture: Don't Close","Verbuchung: Nicht schliessen"
"Customweb_BNPMercanetCw::Captured Amount","Verbuchter Betrag"
"Customweb_BNPMercanetCw::Captured Status","Verbuchungsstatus"
"Customweb_BNPMercanetCw::Captures","Verbuchungen"
"Customweb_BNPMercanetCw::Captures & Refunds","Verbuchungen & Gutschriften"
"Customweb_BNPMercanetCw::Capturing","Verbuchung"
"Customweb_BNPMercanetCw::Capturing Delay","Verbuchungsverzögerung"
"Customweb_BNPMercanetCw::Card Expiration","Kartenablaufdatum"
"Customweb_BNPMercanetCw::Card Holder Name","Karteninhaber"
"Customweb_BNPMercanetCw::Card Number","Kartennummer"
"Customweb_BNPMercanetCw::Carrier Title","Carrier Title"
"Customweb_BNPMercanetCw::Check out faster","Schnelleres Bestellen"
"Customweb_BNPMercanetCw::Check to activate the external checkout.","Markieren Sie dieses Feld um den externen Checkout zu aktivieren."
"Customweb_BNPMercanetCw::Checkout","Checkout"
"Customweb_BNPMercanetCw::Checkout as Guest","Als Gast zur Kasse gehen"
"Customweb_BNPMercanetCw::Checkout as a Guest or Register","Als Gast zur Kasse gehen oder ein Kundenkonto erstellen"
"Customweb_BNPMercanetCw::Checkout as a new customer","Als Neukunde bestellen"
"Customweb_BNPMercanetCw::Checkout using your account","Über Ihr Benutzerkonto bestellen"
"Customweb_BNPMercanetCw::Choose settlement after order in case you want an invoice to be created with your oder. The state of the invoice will set according to your capture status.","Wählen Sie 'Erstellung nach Bestellung' falls Sie möchten, dass eine Rechung zu Ihrer Bestellung generiert wird. Der status der Rechnung wird anhand Ihres Buchungs Status gesetzt."
"Customweb_BNPMercanetCw::Company Commercial Number","Handelsregisternummer der Firma"
"Customweb_BNPMercanetCw::Confirm Password","Passwort bestätigen"
"Customweb_BNPMercanetCw::Continue","Fortfahren"
"Customweb_BNPMercanetCw::Corporate Card","Corporate Card"
"Customweb_BNPMercanetCw::Could not convert object of type '!type' to string.","Konvertierung eines Objektes vom Typ '!type' ist fehlgeschlagen."
"Customweb_BNPMercanetCw::Could not find a brand for the given card number.","Es konnte keinen Brand für die gegebene Karte gefunden werden."
"Customweb_BNPMercanetCw::Could not find pressed button.","Der Button konnte nicht gefunden werden"
"Customweb_BNPMercanetCw::Could not find template file at default location '!location'.","Konnte kein Template auf dem Standard Pfad unter '!location' finden."
"Customweb_BNPMercanetCw::Could not find the payment method !paymentMethodName.","Zahlungsmethode '!paymentMethodName' konnte nicht gefunden werden."
"Customweb_BNPMercanetCw::Could not load layout from URL !url. Reason: !reason","Das Layout konnte nicht von !url geladen werden. Grund: !reason"
"Customweb_BNPMercanetCw::Create Account","Benutzerkonto erstellen"
"Customweb_BNPMercanetCw::Create New Order - Payment","Neue Bestellung erstellen - Zahlung"
"Customweb_BNPMercanetCw::Create a recurring payment, with an existing alias is not supported","Mit einem existierenden Alias ist die Erstellung einer wiederkehrenden Zahlung nicht möglich."
"Customweb_BNPMercanetCw::Creating an account has many benefits:","Die Erstellung eines Benutzerkontos bringt viele Vorteile mit sich:"
"Customweb_BNPMercanetCw::Creation Date","Erstellungsdatum"
"Customweb_BNPMercanetCw::Credit Card Brands","Kreditkartenbrand"
"Customweb_BNPMercanetCw::Credit Memo History","Gutschrifthistorie"
"Customweb_BNPMercanetCw::Credit Memo Totals","Gutschrift Total"
"Customweb_BNPMercanetCw::Credit memo's total must be positive.","Der Gesamtbetrag der Gutschrift muss positiv sein."
"Customweb_BNPMercanetCw::Currency","Währung"
"Customweb_BNPMercanetCw::Current Configuration Scope:","Scope der Konfiguration:"
"Customweb_BNPMercanetCw::Customer Account","Kundenkonto"
"Customweb_BNPMercanetCw::Customer Alias Management","Kunden Alias Management"
"Customweb_BNPMercanetCw::Customer successfully returned from BNPMercanetCw","Kunde ist erfolgreich von BNPMercanetCw zurückgekehrt"
"Customweb_BNPMercanetCw::Customer successfully returned from BNP Paribas Mercanet","Der Kunde ist erfolgreich von der BNPMercanetCw Payment Page zurückgekehrt."
"Customweb_BNPMercanetCw::Customer sucessfully returned from the BNPMercanetCw payment page.","Der Kunde ist erfolgreich von der BNPMercanetCw Payment Page zurückgekehrt."
"Customweb_BNPMercanetCw::Customers","Kunden"
"Customweb_BNPMercanetCw::Customweb","Customweb"
"Customweb_BNPMercanetCw::Date","Datum"
"Customweb_BNPMercanetCw::Date of Birth","Geburtsdatum"
"Customweb_BNPMercanetCw::Day","Tag"
"Customweb_BNPMercanetCw::Deactivate","Deaktivieren"
"Customweb_BNPMercanetCw::Dear customer we have received your billing and shipping information. In order to finish your order please create an account below or checkout as guest.","Sehr geehrter Kunde wir haben Ihre Rechnungs- und Lieferinformationen erhalten. Um Ihre Bestellung abschliessen zu können, bitten wir Sie ein Account zu erstellen oder sich als Gast anzumelden."
"Customweb_BNPMercanetCw::Dear customer, it appears to us that your payment was successful, but we are still waiting for confirmation. You can wait on this page and we will redirect you after we received the confirmation. Or you can close this window and we will send out an order confirmation email.","Sehr geehrter Kunde, es scheint, dass Ihre Zahlung erfolgreich war, aber wir warten immer noch auf eine Bestätigung. Sie können auf dieser Seite warten, und wir leiten Sie weiter nachdem wir die Bestätigung erhalten haben. Oder Sie können dieses Fenster schliessen und wir senden Ihnen eine Auftragsbestätigung später per Email."
"Customweb_BNPMercanetCw::Default Config","Standard Konfiguration"
"Customweb_BNPMercanetCw::Deferred","Verzögert"
"Customweb_BNPMercanetCw::Deferred (authorization)","Verzögert (Autorisierung)"
"Customweb_BNPMercanetCw::Deferred capturing","Verzögerte Buchung"
"Customweb_BNPMercanetCw::Deferred settlement","Verzögerte Erstellung"
"Customweb_BNPMercanetCw::Define a maximal order total for this checkout to be available.","Definieren Sie einen Maximalbestellwert für den Checkout."
"Customweb_BNPMercanetCw::Define a minimal order total for this checkout to be available.","Definieren Sie einen Mindestbestellwert, der erreicht werden muss um den Checkout verfügbar zu machen."
"Customweb_BNPMercanetCw::Delayed","Verzögert"
"Customweb_BNPMercanetCw::Delete","Löschen"
"Customweb_BNPMercanetCw::Delivery address","Delivery address"
"Customweb_BNPMercanetCw::Description","Beschreibung"
"Customweb_BNPMercanetCw::Diners Club","Diners Club"
"Customweb_BNPMercanetCw::Direct Debits","Lastschrift"
"Customweb_BNPMercanetCw::Direct E-Banking","Sofortüberweisung"
"Customweb_BNPMercanetCw::Direct capture after order","Direkte Buchung nach der Bestellung"
"Customweb_BNPMercanetCw::Directly after order","Direkte Buchung nach der Bestellung"
"Customweb_BNPMercanetCw::Directly after order (sale)","Direkte Buchung nach der Bestellung"
"Customweb_BNPMercanetCw::Disabled","Deaktiviert"
"Customweb_BNPMercanetCw::Discount","Rabatt"
"Customweb_BNPMercanetCw::Discount Amount","Rabattbetrag"
"Customweb_BNPMercanetCw::Do not by pass 3D secure","3D Secure Prüfung erzwingen"
"Customweb_BNPMercanetCw::Don't change order status","Bestellstatus nicht verändern."
"Customweb_BNPMercanetCw::During authorization","Während der Autorisation"
"Customweb_BNPMercanetCw::During the checkou a 3D secure authentication may be done. With this setting you can by control, if this authorization should be done or not. You may have a higher fraud ration without 3D secure.","Während des Checkouts kann eine 3D Secure Authentifikation durchgeführt werden. Mit dieser Einstellung können Sie festlegen, ob diese Autorisierung stattfinden soll oder nicht. Ohne 3D Secure ist das Betrugsrisiko grösser."
"Customweb_BNPMercanetCw::ECard","ECard"
"Customweb_BNPMercanetCw::Edit","Bearbeiten"
"Customweb_BNPMercanetCw::Edit Invoice %s","Rechnung bearbeiten %s"
"Customweb_BNPMercanetCw::Email Address","E-Mail Adresse"
"Customweb_BNPMercanetCw::Empty version number field name","Leerer Versionsnummer-Feldname"
"Customweb_BNPMercanetCw::Enable or disable logging.","Erfassung aktivieren oder deaktivieren."
"Customweb_BNPMercanetCw::Enable the configured payment plans for this method.","Enable the configured payment plans for this method."
"Customweb_BNPMercanetCw::Enable the payment method","Diese Zahlungsmethode aktivieren"
"Customweb_BNPMercanetCw::Enabled","Aktiviert"
"Customweb_BNPMercanetCw::Enter here the live merchant ID. This merchant ID is used only when the live operation mode is used.","Geben Sie hier die Live Merchant ID ein. Diese ID wird nur in Verbindung mit dem Live Operationsmodus benutzt."
"Customweb_BNPMercanetCw::Enter here the live secret key version. You can get the secret key version from the extranet. This secret key is used only when the live operation mode is used.","Geben Sie hier die Live Secret Key Version ein. Diese können Sie dem Extranet entnehmen. Dieser Secret key wird nur in Verbindung mit dem Live Operationsmodus benutzt."
"Customweb_BNPMercanetCw::Enter here the live secret key. You can get the secret key from the extranet. This secret key is used only when the live operation mode is used. The secret key is used to sign the request done to BNP Paribas Mercanet.","Geben Sie hier den Live Secret Key ein. Diesen können Sie dem Extranet entnehmen. Dieser Secret Key wird nur im Live Operationsmodus benutzt und schreibt die Anfrage BNP Paribas Mercanet zu."
"Customweb_BNPMercanetCw::Enter the Merchant ID that you find under <a href='https://mercanet-telechargement.bnpparibas.net'>https://mercanet-telechargement.bnpparibas.net</a> (Secret key on the right upper corner). The login details are provided by BNP Paribas Mercanet.","Geben Sie die Merchant ID ein, die Sie unter <a href='https://mercanet-telechargement.bnpparibas.net'>https://mercanet-telechargement.bnpparibas.net</a> (Secret Key in der oberen rechten Ecke). Die Login Daten erhalten Sie von BNP Paribas Mercanet."
"Customweb_BNPMercanetCw::Enter the date on which your card expires.","Geben Sie das Ablaufdatum der Karte ein."
"Customweb_BNPMercanetCw::Error connecting to BNP Paribas Mercanet. Reason: !message","Fehler bei der Verbindung mit BNP Paribas Mercanet. Grund: !message"
"Customweb_BNPMercanetCw::Error with the length of the validation date.","Bitte kontrollieren Sie das Gültigkeitsdatum."
"Customweb_BNPMercanetCw::Excl. Tax","Exkl. Steuern"
"Customweb_BNPMercanetCw::Expiry Date","Expiry Date"
"Customweb_BNPMercanetCw::External Checkout","Externer Checkout"
"Customweb_BNPMercanetCw::External Checkout: Guest Checkout","External Checkout: Gast Checkout"
"Customweb_BNPMercanetCw::Failed","Fehlgeschlagen"
"Customweb_BNPMercanetCw::Failed payment authorization.","Die Autorisierung ist fehlgeschlagen."
"Customweb_BNPMercanetCw::Failed to send request to remote server. Expect to receive response code 200, receive code !code. Status Message: !message","Die Anfrage konnte nicht zum Server weitergeleitet werden. Sie erhalten vermutlich den Antwortcode 200. Code erhalten!code. Statusnachricht: !message"
"Customweb_BNPMercanetCw::Figure !number:","Abbildung !number:"
"Customweb_BNPMercanetCw::First","First"
"Customweb_BNPMercanetCw::Foreign Bin Card","Foreign Bin Card"
"Customweb_BNPMercanetCw::Forgot Your Password?","Haben Sie Ihr Passwort vergessen?"
"Customweb_BNPMercanetCw::Forgot your password?","Passwort vergessen?"
"Customweb_BNPMercanetCw::Get Update","Aktualisieren"
"Customweb_BNPMercanetCw::Grey Card","Grey Card"
"Customweb_BNPMercanetCw::Grey IP","Grey IP"
"Customweb_BNPMercanetCw::Here you can insert an order prefix. The prefix allows you to change the order number that is transmitted to Authorize.net. The prefix must contain the tag {id}. It will then be replaced by the order number (e.g. name_{id}).","Hier können Sie einen Bestellpräfix eingeben. Der Präfix erlaubt es Ihnen, die Bestellnummer, die an BNP Paribas Mercanet übermittelt wird, zu verändern. Der Präfix muss den Tag {id} enthalten. Dieser wird anschliessend durch die Bestellnummer ersetzt (z.B. name_{id})."
"Customweb_BNPMercanetCw::Here you can insert an transaction reference prefix. The prefix allows you to change the order number that is transmitted to BNP Paribas Mercanet. The prefix must contain the tag {id}. It will then be replaced by the order number (e.g. name_{id}).","Hier können Sie einen Bestellpräfix eingeben. Der Präfix erlaubt es Ihnen, die Bestellnummer, die an BNP Paribas Mercanet übermittelt wird, zu verändern. Der Präfix muss den Tag {id} enthalten. Dieser wird anschliessend durch die Bestellnummer ersetzt (z.B. name_{id})."
"Customweb_BNPMercanetCw::Hide","Verbergen"
"Customweb_BNPMercanetCw::IBAN","IBAN"
"Customweb_BNPMercanetCw::IBAN number","Bankkonto"
"Customweb_BNPMercanetCw::IP Country","IP Country"
"Customweb_BNPMercanetCw::If a product is in stock only once and the payment of the customer ordering this product fails or is aborted, it won't be available until the order is canceled (see timeout option below). Enable this setting to cancel the customer's pending orders when he returns to the cart page and a product is not available anymore.","Sofern nur noch ein Produkt an Lager ist und die Bezahlung des Kunden (der genau dieses Produkt kauft) fehlschlägt, wird das Produkt solange reserviert bis die Bestellung annuliert wird (vgl. Timeout Option). Aktivieren Sie diese Option, falls Sie NICHT möchten, dass das Produkt reserviert wird. Die Bestellung wird dann bei fehlgeschlagener oder abgebrochener Zahlung sofort annuliert."
"Customweb_BNPMercanetCw::If a product is in stock only once and the payment of the customer ordering this product fails or is aborted, it won't be available until the order is canceled (see timeout option below). Enable this setting to cancel the customer's pending orders when he returns to the cart page and a product is not available anymore. Be careful though: If you enable this option, there is a chance that payments are made with the corresponding order being already canceled.","Der Artikel wird während der Zeit, wenn ein Kunde im Checkout ist reserverit. Aktivieren Sie diese Option, damit der Bestand bei fehlgeschlagenen Zahlungen direkt wieder freigegeben wird. Ansonsten erfolgt die Freigabe erst, wenn der Cron Job die ausstehenden Bestellungen cancelled."
"Customweb_BNPMercanetCw::If an order total is below the specified amount, it will be processed without 3d Secure.","If an order total is below the specified amount, it will be processed without 3d Secure."
"Customweb_BNPMercanetCw::If an order total is below the specified amount, it will be processed without the Black Card check.","If an order total is below the specified amount, it will be processed without the Black Card check."
"Customweb_BNPMercanetCw::If an order total is below the specified amount, it will be processed without the Corporate Card check.","If an order total is below the specified amount, it will be processed without the Corporate Card check."
"Customweb_BNPMercanetCw::If an order total is below the specified amount, it will be processed without the ECard check.","If an order total is below the specified amount, it will be processed without the ECard check."
"Customweb_BNPMercanetCw::If an order total is below the specified amount, it will be processed without the Expiry Date check.","If an order total is below the specified amount, it will be processed without the Expiry Date check."
"Customweb_BNPMercanetCw::If an order total is below the specified amount, it will be processed without the Foreign Bin Card check.","If an order total is below the specified amount, it will be processed without the Foreign Bin Card check."
"Customweb_BNPMercanetCw::If an order total is below the specified amount, it will be processed without the Grey Card check.","If an order total is below the specified amount, it will be processed without the Grey Card check."
"Customweb_BNPMercanetCw::If an order total is below the specified amount, it will be processed without the Grey IP check.","If an order total is below the specified amount, it will be processed without the Grey IP check."
"Customweb_BNPMercanetCw::If an order total is below the specified amount, it will be processed without the IP Country check.","If an order total is below the specified amount, it will be processed without the IP Country check."
"Customweb_BNPMercanetCw::If an order total is below the specified amount, it will be processed without the Max Card Per CustomerId check.","If an order total is below the specified amount, it will be processed without the Max Card Per CustomerId check."
"Customweb_BNPMercanetCw::If an order total is below the specified amount, it will be processed without the Max CustomerId Per Card check.","If an order total is below the specified amount, it will be processed without the Max CustomerId Per Card check."
"Customweb_BNPMercanetCw::If an order total is below the specified amount, it will be processed without the Simility IP Card check.","If an order total is below the specified amount, it will be processed without the Simility IP Card check."
"Customweb_BNPMercanetCw::If an order total is below the specified amount, it will be processed without the Systematic Authorization Card check.","If an order total is below the specified amount, it will be processed without the Systematic Authorization Card check."
"Customweb_BNPMercanetCw::If an order total is below the specified amount, it will be processed without the Velocity Card check.","If an order total is below the specified amount, it will be processed without the Velocity Card check."
"Customweb_BNPMercanetCw::If an order total is below the specified amount, it will be processed without the Velocity Customer Id check.","If an order total is below the specified amount, it will be processed without the Velocity Customer Id check."
"Customweb_BNPMercanetCw::If an order total is below the specified amount, it will be processed without the Velocity IP check.","If an order total is below the specified amount, it will be processed without the Velocity IP check."
"Customweb_BNPMercanetCw::If an order total is below the specified amount, it will be processed without the White Card check.","If an order total is below the specified amount, it will be processed without the White Card check."
"Customweb_BNPMercanetCw::If it is not applicable leave the field empty.","Falls nicht zutreffend, lassen Sie dieses Feld leer."
"Customweb_BNPMercanetCw::If the status is 'Pending' it is unclear whether the transaction will be cancelled successfully.","Wenn der Status 'Ausstehend' ist, dann ist unklar ob die Transaktion erfolgreich storniert wurde."
"Customweb_BNPMercanetCw::If the status is 'Pending' it is unclear whether the transaction will be captured successfully.","Wenn der Status 'Ausstehend' ist, dann ist unklar ob die Verbuchung erfolgreich war."
"Customweb_BNPMercanetCw::If the status is 'Pending' it is unclear whether the transaction will be refunded successfully.","Wenn der Status 'Ausstehend' ist, dann ist es unklar, ob die Gutschrift erfolgreich war."
"Customweb_BNPMercanetCw::If the test mode is selected the test account is used. Otherwise the configured account is used.","Dieser Account wird benutzt, wenn der Testmodus ausgewählt ist. Andernfalls wird der konfigurierte Account benutzt."
"Customweb_BNPMercanetCw::If you have any issues with the module please feel free to contact us. See our <a href='https://www.sellxed.com/en/support' target='_blank'>support page</a> for more information.","Zögern Sie nicht, uns zu kontaktieren falls Sie ein Problem mit dem Modul haben. Auf unserer <a href='https://www.sellxed.com/de/support' target='_blank'>Support Seite</a> finden Sie weitere Informationen."
"Customweb_BNPMercanetCw::If you select this checkbox, the payment will be captured at the PSP and you can not add additional captures.","Wenn Sie die Checkbox anklicken wird die Bestellung beim PSP verbucht. Es können keine weiteren Captures erstellt werden."
"Customweb_BNPMercanetCw::If you would like to use recurring payments, you need our magento module ""Customweb Subscription"". For further information go to <a href=""http://www.sellxed.com/shop/"" target=""_blank"">sellxed.com</a>.","Falls Sie Recurring Payments anbieten möchten, brauchen Sie das Magnet Modul ""Customweb Subscription"". Weitere Informationen finden Sie unter <a href=""http://www.sellxed.com/shop/"" target=""_blank"">sellxed.com</a>."
"Customweb_BNPMercanetCw::Image Brand Selection","Auswahl des Kartenlogos"
"Customweb_BNPMercanetCw::In simulation mode the general merchant ID on the simulation plattform is used. In simulation mode the test cards must be used. After you received the merchant ID you should switch to live mode.","Im Simulationsmodus wird die Merchant ID in der Simulationsplattform benutzt. Im Simulationsmodus müssen die Testkarten benutzt werden. Nachdem Sie die Merchant ID erhalten haben, sollten Sie zum Live Modus wechseln."
"Customweb_BNPMercanetCw::In some cases it may take a few seconds until the transaction is successfully authorized. When this option is enabled, the notification is awaited.","Es kann in einigen Fällen ein paar Sekunden dauern bis die Transaktion erfolgreich genehmigt wird. Wenn diese Option aktiviert ist, wird die Benachrichtigung erwartet."
"Customweb_BNPMercanetCw::In some cases the transaction requires a few seconds until it is successfully authorized. When this option is enabled the user is hold until the transaction reach the final state. If this is not the case in 30 seconds a message is shown to the customer, which explains the situation.","Es dauert teilweise etwas bis wir vom PSP die Nachricht der Zahlung erhalten. Das aktivieren dieser Option führt dazu, dass der Kunde im Checkout verzögert wird, bis die Notifikation vom PSP eintrifft."
"Customweb_BNPMercanetCw::Inactive","Inaktiv"
"Customweb_BNPMercanetCw::Incl. Tax","Inkl. Tax"
"Customweb_BNPMercanetCw::Information","Information"
"Customweb_BNPMercanetCw::Invalid login or password.","Ungültiges Login oder Passwort."
"Customweb_BNPMercanetCw::Invoice Items","Rechungsartikel"
"Customweb_BNPMercanetCw::Invoice Settlement","Verbuchung der Rechnung"
"Customweb_BNPMercanetCw::Invoice Totals","Rechnungstotal"
"Customweb_BNPMercanetCw::Invoice settlement","Rechungserstellung"
"Customweb_BNPMercanetCw::Invoice was created successfully","Die Rechnung wurde erfolgreich erstellt"
"Customweb_BNPMercanetCw::Invoices","Rechungen"
"Customweb_BNPMercanetCw::Is this plan active for this store.","Is this plan active for this store."
"Customweb_BNPMercanetCw::Issue Number","Ausgabekartennummer"
"Customweb_BNPMercanetCw::It is not possible to checkout in your country.","Es ist in Ihrem Land nicht möglich zu bezahlen."
"Customweb_BNPMercanetCw::Item","Artikel"
"Customweb_BNPMercanetCw::Items","Artikel"
"Customweb_BNPMercanetCw::Items Refunded","Artikel zurückerstattet"
"Customweb_BNPMercanetCw::JCB","JCB"
"Customweb_BNPMercanetCw::Live HMAC Key","Live HMAC Key"
"Customweb_BNPMercanetCw::Live Identifier (PBX_IDENTIFIANT)","Live Identifier (PBX_IDENTIFIANT)"
"Customweb_BNPMercanetCw::Live Key Version not configured.","Live Key Version not configured."
"Customweb_BNPMercanetCw::Live Key not configured.","Live Key not configured."
"Customweb_BNPMercanetCw::Live Merchant ID","Live Merchant ID"
"Customweb_BNPMercanetCw::Live Merchant ID not configured.","Live Merchant ID not configured."
"Customweb_BNPMercanetCw::Live Mode","Live Modus"
"Customweb_BNPMercanetCw::Live Password","Live Passwort"
"Customweb_BNPMercanetCw::Live Rang (PBX_RANG)","Live Rang"
"Customweb_BNPMercanetCw::Live Secret Key","Live Secret Key"
"Customweb_BNPMercanetCw::Live Secret Key Version","Live Secret Key Version"
"Customweb_BNPMercanetCw::Live Site ID (PBX_SITE)","Live Site ID (PBX_SITE)"
"Customweb_BNPMercanetCw::Logging","Logging"
"Customweb_BNPMercanetCw::Login","Login"
"Customweb_BNPMercanetCw::Login & Register","Login & Registrieren"
"Customweb_BNPMercanetCw::Login and password are required.","Login und Passwort sind erforderlich."
"Customweb_BNPMercanetCw::Maestro","Maestro"
"Customweb_BNPMercanetCw::Mail order/telephone order authorization","Autorisierung von eMail-/Telefonbestellungen"
"Customweb_BNPMercanetCw::Manage Stores","Shops verwalten"
"Customweb_BNPMercanetCw::Manage BNP Paribas Mercanet Aliases","BNP Paribas Mercanet Aliasse verwalten"
"Customweb_BNPMercanetCw::MasterCard","MasterCard"
"Customweb_BNPMercanetCw::Max Card Per CustomerId","Max Card Per CustomerId"
"Customweb_BNPMercanetCw::Max CustomerId Per Card","Max CustomerId Per Card"
"Customweb_BNPMercanetCw::Maximum Amount","Maximum Amount"
"Customweb_BNPMercanetCw::Maximum Order Total","Maximales Bestelltotal"
"Customweb_BNPMercanetCw::Maximum order amount for this plan.","Maximum order amount for this plan."
"Customweb_BNPMercanetCw::Message","Nachricht"
"Customweb_BNPMercanetCw::Method Title","Titel der Zahlungsmethode"
"Customweb_BNPMercanetCw::Minimum Amount","Minimum Amount"
"Customweb_BNPMercanetCw::Minimum Order Total","Minimales Bestelltotal"
"Customweb_BNPMercanetCw::Minimum order amount for this plan.","Minimum order amount for this plan."
"Customweb_BNPMercanetCw::Month","Monat"
"Customweb_BNPMercanetCw::Must be bigger than 0 and smaller than 100","Must be bigger than 0 and smaller than 100"
"Customweb_BNPMercanetCw::Must be bigger than 1 and smaller than 31","Must be bigger than 1 and smaller than 31"
"Customweb_BNPMercanetCw::Must be bigger than the minimum","Must be bigger than the minimum"
"Customweb_BNPMercanetCw::Must been between 2 and 4","Must been between 2 and 4"
"Customweb_BNPMercanetCw::Must not be negative","Must not be negative"
"Customweb_BNPMercanetCw::My BNP Paribas Mercanet Aliases","Meine BNP Paribas Mercanet Aliasse"
"Customweb_BNPMercanetCw::Name","Name"
"Customweb_BNPMercanetCw::Name visible to the customer.","Name visible to the customer."
"Customweb_BNPMercanetCw::New Order","Neue Bestellung"
"Customweb_BNPMercanetCw::New Order Status","Neuer Bestellstatus"
"Customweb_BNPMercanetCw::New card","Neue Karte"
"Customweb_BNPMercanetCw::Next Update Execution Date","Nächstes Ausführungsdatum für Updates"
"Customweb_BNPMercanetCw::No","Nein"
"Customweb_BNPMercanetCw::No Items","Keine Artikel"
"Customweb_BNPMercanetCw::No additional payment information available.","Keine zusätzliche Zahlungsinformationen verfügbar"
"Customweb_BNPMercanetCw::No authorization method found for payment method !method.","Es konnte keine Autorisierungsmethode für die Zahlmethode '!method' gefunden werden."
"Customweb_BNPMercanetCw::No button returned.","Kein Knopf erhalten."
"Customweb_BNPMercanetCw::No refund possible.","Keine Rückvergütung möglich"
"Customweb_BNPMercanetCw::No response code returned","Kein Response Code empfangen"
"Customweb_BNPMercanetCw::No shipping method needed.","Keine Versandmethode benötigt."
"Customweb_BNPMercanetCw::No, use the dropdown.","Dropdown-Menü benutzen"
"Customweb_BNPMercanetCw::Number of payments","Number of payments"
"Customweb_BNPMercanetCw::Only an authorized transaction can be marked as finally declined.","Nur autorisierte Transaktionen können als endgültig abgelehnt markiert werden."
"Customweb_BNPMercanetCw::Only an uncertain transaction can be marked as finally declined.","Nur unsichere Transaktionen können als endgültig abgelehnt markiert werden."
"Customweb_BNPMercanetCw::Only authorized transaction can be cancelled.","Nur autorisierte Transaktionen können storniert werden."
"Customweb_BNPMercanetCw::Only authorized transaction can be captured.","Nur autorisierte Transaktionen können verbucht werden."
"Customweb_BNPMercanetCw::Only authorized transaction can be refunded.","Nur autorsierte Transaktionen können gutgeschrieben werden."
"Customweb_BNPMercanetCw::Only captured transaction can be refunded.","Nur gebuchte Transaktionen können gutgeschrieben werden."
"Customweb_BNPMercanetCw::Only on captured transaction the flag customer refusing to pay can be set.","Nur bei bereits verbuchten Transaktionen kann ein Flag zur Markierung von Kunden, die nicht bezahlt haben, gesetzt werden."
"Customweb_BNPMercanetCw::Operation Mode","Betriebsmodus"
"Customweb_BNPMercanetCw::Order #","Bestellnummer"
"Customweb_BNPMercanetCw::Order Grand Total","Gesamtsumme der Bestellung"
"Customweb_BNPMercanetCw::Order Information","Bestellungsinformation"
"Customweb_BNPMercanetCw::Order Prefix","Bestell-Präfix"
"Customweb_BNPMercanetCw::Order Review","Bestellungsüberprüfung"
"Customweb_BNPMercanetCw::Order Summary","Bestellzusammenfassung"
"Customweb_BNPMercanetCw::Order Total","Bestelltotal"
"Customweb_BNPMercanetCw::Order cancelled, because the customer was too long in the payment process of BNP Paribas Mercanet.","Bestellung wurde abgebrochen, da der Kunde sich zu lange im Zahlungsprozess von BNP Paribas Mercanet befand."
"Customweb_BNPMercanetCw::Order was placed using %s","Order was placed using %s"
"Customweb_BNPMercanetCw::Orders","Bestellungen"
"Customweb_BNPMercanetCw::Orders with with payments that are longer pending than the specified timeout in minutes are cancelled automatically.","Bestellungen, deren Zahlungen länger ausstehend bleiben als das definierte Timeout in Minuten, werden automatisch abgebrochen. Um dieses Feature benutzen zu können, müssen Sie Magento Cron aufsetzen."
"Customweb_BNPMercanetCw::Paid Amount","Bezahlter Betrag"
"Customweb_BNPMercanetCw::Partial refund not possible. You may retry with the total transaction amount.","Teilrückzahlung nicht möglich. Die Summe ist grösser als der verbuchte Gesamtbetrag."
"Customweb_BNPMercanetCw::Password","Passwort"
"Customweb_BNPMercanetCw::Password and password confirmation are not equal.","""Passwort"" und ""Passwort bestätigen"" stimmen nicht überein."
"Customweb_BNPMercanetCw::Pay with ____paymentMethodName____","Zahlen mit ____paymentMethodName____"
"Customweb_BNPMercanetCw::Payment","Zahlung"
"Customweb_BNPMercanetCw::Payment ID","Zahlungs-ID"
"Customweb_BNPMercanetCw::Payment Id","Payment ID"
"Customweb_BNPMercanetCw::Payment Information","Zahlungsinformationen"
"Customweb_BNPMercanetCw::Payment Method","Zahlungsmethode"
"Customweb_BNPMercanetCw::Payment Plan","Payment Plan"
"Customweb_BNPMercanetCw::Payment Plan selected, but not activated for this method.","Payment Plan selected, but not activated for this method."
"Customweb_BNPMercanetCw::Payment Plans","Payment Plans"
"Customweb_BNPMercanetCw::Payment captured successfully.","Die Zahlung wurde erfolgreich vebucht."
"Customweb_BNPMercanetCw::Payment could not be authorized. Cancelling order. Reason :","Die Zahlung konnte nicht autorisiert werden. Bestellung wird abgebrochen. Grund:"
"Customweb_BNPMercanetCw::Payment details can be entered after placing the order","DIe Zahlungsinformationen können eingegeben werden, nachdem die Bestellung bestätigt wurde."
"Customweb_BNPMercanetCw::Payment from Applicable Countries","Zahlung von zutreffenden Ländern"
"Customweb_BNPMercanetCw::Payment from Specific Countries","Zahlung von spezifischen Ländern"
"Customweb_BNPMercanetCw::Payment from applicable countries","Zahlung von zutreffenden Ländern"
"Customweb_BNPMercanetCw::Payment from specific countries","Zahlung von spezifischen Ländern"
"Customweb_BNPMercanetCw::Payment is pending at BNPMercanetCw","Zahlung ist bei BNPMercanetCw ausstehend"
"Customweb_BNPMercanetCw::Payment method description","Beschreibung der Zahlungsmethode"
"Customweb_BNPMercanetCw::Payment n-Fois","Payment n-Fois"
"Customweb_BNPMercanetCw::Payment plan not available for this amount.","Payment plan not available for this amount."
"Customweb_BNPMercanetCw::Payment plan with errors selected. Please contact the merchant.","Payment plan with errors selected. Please contact the merchant."
"Customweb_BNPMercanetCw::Payment with %s","Zahlung mit %s"
"Customweb_BNPMercanetCw::Payment with BNP Paribas Mercanet","Zahlung mit BNP Paribas Mercanet"
"Customweb_BNPMercanetCw::Payments may be updated periodically (interval in minutes). To use this feature you have to setup magento cron","Mit der Aktivierung dieser Option wird periodisch der Status der Zahlung via API Interface abgefragt. Um das Feature zu nutzen, muss der Magento Cron aktiviert sein."
"Customweb_BNPMercanetCw::Pending","Ausstehend"
"Customweb_BNPMercanetCw::Pending BNPMercanetCw","Ausstehend  BNPMercanetCw"
"Customweb_BNPMercanetCw::Percentage of the order amount which is charged with the first payment. The residual amount is distributed equally among the remaining payments.","Percentage of the order amount which is charged with the first payment. The residual amount is distributed equally among the remaining payments."
"Customweb_BNPMercanetCw::Period","Period"
"Customweb_BNPMercanetCw::Place Order","Rechtsverbindlich bestellen"
"Customweb_BNPMercanetCw::Please agree to all the terms and conditions before placing the order.","Bitte stimmen Sie vor dem Platzieren der Bestellung den allgemeinen Geschäftsbedingungen zu."
"Customweb_BNPMercanetCw::Please check the entered CVC number.","Bitte überprüfen Sie den eingegebenen CVC."
"Customweb_BNPMercanetCw::Please check the entered credit card number.","Bitte geben Sie eine Kreditkartennummer ein."
"Customweb_BNPMercanetCw::Please enter here the Bank Identifier Code (BIC).","Bitte tragen Sie hier einen BIC ein (Bank identifier Code)."
"Customweb_BNPMercanetCw::Please enter here the CVC code from your card. You find the code on the back of the card.","Bitte geben Sie hier den CVC Ihrer Karte ein. Sie finden diesen auf der Rückseite Ihrer Kreditkarte."
"Customweb_BNPMercanetCw::Please enter here the International Bank Account Number (IBAN).","Bitte geben Sie die IBAN Ihres Bankkontos ein."
"Customweb_BNPMercanetCw::Please enter here the account holder name on the card.","Bitte geben Sie den Kontoinhaber an."
"Customweb_BNPMercanetCw::Please enter here the account holder name.","Bitte tragen Sie hier den Kontoinhaber ein."
"Customweb_BNPMercanetCw::Please enter here the account number of your bank account.","Bitte geben Sie die IBAN Ihres Bankkontos ein."
"Customweb_BNPMercanetCw::Please enter here the bank code of your bank.","Bitte geben Sie den Bankcode Ihrer Bank ein."
"Customweb_BNPMercanetCw::Please enter here the card holder name on the card.","Bitte geben Sie den Karteninhaber auf Ihrer Kreditkarte ein."
"Customweb_BNPMercanetCw::Please enter here the commercial number of your company.","Sie müssen die Handelsregisternummer Ihrer Firma eingeben"
"Customweb_BNPMercanetCw::Please enter here the name of the account owner.","Bitte geben Sie den Namen des Kontoinhabers an."
"Customweb_BNPMercanetCw::Please enter here the number on your card.","Bitte geben Sie hier die Kartennummer Ihrer Kreditkarte ein."
"Customweb_BNPMercanetCw::Please enter here the sales tax number of your company.","Bitte tragen Sie hier die Steuernummer Ihrer Firma ein."
"Customweb_BNPMercanetCw::Please enter here your social security number.","Bitte geben Sie hier Ihre Sozialversicherungsnummer ein."
"Customweb_BNPMercanetCw::Please enter the location of your bank.","Bitte geben Sie den Standort Ihrer Bank ein."
"Customweb_BNPMercanetCw::Please enter the name of your bank.","Bitte geben Sie hier den Namen Ihrer Bank ein."
"Customweb_BNPMercanetCw::Please enter your IBAN number.","Bitte geben Sie Ihre IBAN ein."
"Customweb_BNPMercanetCw::Please enter your issue number, if there is no CVC code on your card.","Bitte geben Sie die Ausgabenummer von Ihrer Karte ein, falls Sie keinen CVC auf Ihrer Karte haben."
"Customweb_BNPMercanetCw::Please flash or disable the cache storage and retry. If this did not help, change the authorization method to PaymentPage and <a href=""%s"" target=""_blank"">contact sellxed</a>.","Bitte deaktivieren Sie Cache und versuchen Sie es erneut. Sollte dies nicht helfen, ändern Sie die Autorisationsmethode zu PaymentPage und <a href=""%s"" target=""_blank"">kontaktieren Sie sellXed</a>."
"Customweb_BNPMercanetCw::Please flash or disable the cache storage and retry. If this did not help, change the authorization method to PaymentPage and <a href=""%s"" target=""_blank"">contact sellxed</a>.', 'http://www.sellxed.com/en/support","Bitte leeren oder deaktivieren Sie den Cache-Speicher und versuchen Sie es erneut. Falls dies nicht hilft, ändern Sie die Autorisationsmethode zu Payment Page und <a href=""%s"" target=""_blank"">kontaktieren Sie sellXed</a>.', 'http://www.sellxed.com/en/support"
"Customweb_BNPMercanetCw::Please flush or disable the cache storage and retry. If this did not help, change the authorization method to PaymentPage and <a href=""%s"" target=""_blank"">contact sellxed</a>.","Bitte entleeren oder deaktivieren Sie Ihren Cache und versuchen Sie es erneut. Falls es immer noch nicht klappt, ändern Sie die Autorisierungsmethode zu PaymentPage und kontaktieren Sie <a href=""%s"" target=""_blank"">sellxed</a>."
"Customweb_BNPMercanetCw::Please log in below:","Bitte loggen Sie sich ein:"
"Customweb_BNPMercanetCw::Please select","-- Bitte wählen --"
"Customweb_BNPMercanetCw::Please select a shipping method before sending the order.","Bitte wählen Sie vor dem Übermitteln der Bestellung eine Versandmethode aus."
"Customweb_BNPMercanetCw::Please select the Bank Identifier Code (BIC) of your bank.","Wählen Sie einen BIC (Bank Identifier Code) Ihrer Bank."
"Customweb_BNPMercanetCw::Please select the day of your birth.","Bitte wählen Sie den Tag Ihrer Geburt aus."
"Customweb_BNPMercanetCw::Please select the expiry month on your card.","Bitte wählen Sie den Monat des Ablaufdatums auf Ihrer Kreditkarte aus."
"Customweb_BNPMercanetCw::Please select the expiry year on your card.","Bitte geben Sie das Ablaufdatum der Karte ein."
"Customweb_BNPMercanetCw::Please select the month of your birth.","Bitte wählen Sie den Monat Ihrer Geburt aus."
"Customweb_BNPMercanetCw::Please select the the year of your birth.","Bitte wählen Sie das Jahr Ihrer Geburt aus."
"Customweb_BNPMercanetCw::Please wait, processing your order...","Bitte warten, während die Bestellung verarbeitet wird..."
"Customweb_BNPMercanetCw::Price","Preis"
"Customweb_BNPMercanetCw::Product","Produkt"
"Customweb_BNPMercanetCw::Product Name","Produktname"
"Customweb_BNPMercanetCw::Purchase Point","Einkaufsort"
"Customweb_BNPMercanetCw::Qty","Anzahl"
"Customweb_BNPMercanetCw::Recurring Payments","Abo Zahlungen"
"Customweb_BNPMercanetCw::Refund Amount","Rückerstattungsbetrag"
"Customweb_BNPMercanetCw::Refund ID","Rückvergütungs ID"
"Customweb_BNPMercanetCw::Refund amount","Rückerstattungsbetrag"
"Customweb_BNPMercanetCw::Refund information","Informationen zur Gutschrift"
"Customweb_BNPMercanetCw::Refund status","Gutschriftsstatus"
"Customweb_BNPMercanetCw::Refunded Amount","Rückerstattungsbetrag"
"Customweb_BNPMercanetCw::Refunds","Gutschrift"
"Customweb_BNPMercanetCw::Refused Payments after uncertain","Abgelehnte Zahlung nach Unsicherheit"
"Customweb_BNPMercanetCw::Register","Registireren"
"Customweb_BNPMercanetCw::Register to Create an Account","Registrieren, um ein Benutzerkonto zu erstellen"
"Customweb_BNPMercanetCw::Register with us for future convenience:","Registrieren Sie sich bei uns für zukünftigen Komfort:"
"Customweb_BNPMercanetCw::Release Date","Erscheinungsdatum"
"Customweb_BNPMercanetCw::Reset","Reset"
"Customweb_BNPMercanetCw::Response Code","Antwortcode"
"Customweb_BNPMercanetCw::Review","Übersicht"
"Customweb_BNPMercanetCw::Risk Management","Risk Management"
"Customweb_BNPMercanetCw::Rounding Adjustment","Rundungskorrekturen"
"Customweb_BNPMercanetCw::Row Total","Zeilensumme"
"Customweb_BNPMercanetCw::SEPA Mandate ID","SEPA Mandats ID"
"Customweb_BNPMercanetCw::SKU:","SKU:"
"Customweb_BNPMercanetCw::Sales","Verkäufe"
"Customweb_BNPMercanetCw::Sales Tax Number","Steuer Nummer"
"Customweb_BNPMercanetCw::Save","Speichern"
"Customweb_BNPMercanetCw::Saved cards:","Gespeicherte Karten:"
"Customweb_BNPMercanetCw::See order and shipping status","Bestell- und Versandstatus ansehen"
"Customweb_BNPMercanetCw::Select Brand","Wählen Sie den Kartentyp aus."
"Customweb_BNPMercanetCw::Select Method","Methode auswählen"
"Customweb_BNPMercanetCw::Select the authorization method to use for processing this payment method.","Wählen Sie bitte die Autorisierungsmethode für diese Zahlweise. (Bitte beachten Sie, dass die Hidden Autorisierung für Kreditkarten (sofern vorhanden) zusätzliche Zertifizerungsanforderungen mit sich bringt SAQ-A-EP. Für weitere Informationen kontkatieren Sie bitte BNP Paribas Mercanet)."
"Customweb_BNPMercanetCw::Select the date of your birth.","Wählen Sie Ihr Geburtsdatum."
"Customweb_BNPMercanetCw::Select the date on which your card expires.","Wählen Sie das Kartenablaufdatum."
"Customweb_BNPMercanetCw::Send Invoice Email","Rechnungs-E-Mail senden"
"Customweb_BNPMercanetCw::Send amounts to BNP Paribas Mercanet in base currency.","Den Betrag an BNP Paribas Mercanet  in der Standard Währung setteln"
"Customweb_BNPMercanetCw::Send amounts to BNP Paribas Mercanet in store's base currency.","Beträge in der Basiswährung des Shops an BNP Paribas Mercanet senden."
"Customweb_BNPMercanetCw::Send invoice email","Rechnungsmail versenden"
"Customweb_BNPMercanetCw::Send the invoice email automatically after invoice creation.","Soll das Rechnungsemail direkt nach dem Erstellen der Rechnung versendet werden?"
"Customweb_BNPMercanetCw::Set direct capture after order. In this case your authoization will directly be captured on your customer's credit card","Wenn Sie 'Direkte Buchung' wählen, wird die Autorisierung direkt von der Kredit Karte des Kunden abgebucht. Bei 'Verzögerte Buchung' wird der Betrag verzögert zu einem von Ihnen definierten Zeitpunkt verbucht."
"Customweb_BNPMercanetCw::Set the sort order to show the external checkouts.","Legen Sie die Reihenfolge fest, in der externe Checkouts angezeigt werden sollen."
"Customweb_BNPMercanetCw::Settlement after order","Erstellung nach der Bestellung"
"Customweb_BNPMercanetCw::Setup","Setup"
"Customweb_BNPMercanetCw::Shipping & Handling","Shipping & Handling"
"Customweb_BNPMercanetCw::Shipping Address","Lieferadresse"
"Customweb_BNPMercanetCw::Shipping Amount","Lieferkosten"
"Customweb_BNPMercanetCw::Shipping Information","Versandinformationen"
"Customweb_BNPMercanetCw::Shipping Method","Versandmethode"
"Customweb_BNPMercanetCw::Shipping Methods","Versandmethoden"
"Customweb_BNPMercanetCw::Shipping Refund","Rückerstattung der Lieferkosten"
"Customweb_BNPMercanetCw::Shop","Shop"
"Customweb_BNPMercanetCw::Short Installation Instructions:","Kurzinstruktionen:"
"Customweb_BNPMercanetCw::Should the amount be captured automatically after the order (direct) or should the amount only be reserved (deferred)?","Soll der Betrag nach der Bestellung automatisch abgesendet (direkt) oder nur reserviert werden (verzögert)?"
"Customweb_BNPMercanetCw::Show","Anzeigen"
"Customweb_BNPMercanetCw::Show Account Selection","Account-Auswahl anzeigen"
"Customweb_BNPMercanetCw::Show Further Settings and Information","Weitere Einstellungen und Informationen zeigen"
"Customweb_BNPMercanetCw::Show Image","Bild anzeigen"
"Customweb_BNPMercanetCw::Show Payment Id","Payment ID anzeigen"
"Customweb_BNPMercanetCw::Show the payment id","Anzeigen der Zahlungs ID"
"Customweb_BNPMercanetCw::Show the payment id in the order information","Zahlungs ID in der Bestellinformation anzeigen"
"Customweb_BNPMercanetCw::Show the payment image","Anzeigen der Zahlungslogos"
"Customweb_BNPMercanetCw::Show the payment image on the checkout page","Zahlungslogos im Checkout anzeigen"
"Customweb_BNPMercanetCw::Sign In","Anmelden"
"Customweb_BNPMercanetCw::Simility IP Card","Simility IP Card"
"Customweb_BNPMercanetCw::Simulation Mode","Simulationsmodus"
"Customweb_BNPMercanetCw::Single Payment","Single Payment"
"Customweb_BNPMercanetCw::Social Security Number","Sozialversicherungsnummer"
"Customweb_BNPMercanetCw::Sort Order","Sortierreihenfolgen"
"Customweb_BNPMercanetCw::Status","Status"
"Customweb_BNPMercanetCw::Store the payment details","Speichere Zahlungsdaten"
"Customweb_BNPMercanetCw::Stored payment details","Gespeicherte Zahlungsdetails"
"Customweb_BNPMercanetCw::Submit Order","Bestellung absenden"
"Customweb_BNPMercanetCw::Submitting order information...","Bestellungsinformation übermitteln..."
"Customweb_BNPMercanetCw::Subtotal","Zwischensumme"
"Customweb_BNPMercanetCw::Success","Erfolgreich"
"Customweb_BNPMercanetCw::Successful","Erfolgreich"
"Customweb_BNPMercanetCw::Successful Payments after uncertain","Erfolgreiche  Zahlung nach Unsicherheit"
"Customweb_BNPMercanetCw::Successful online refund of amount","Der Betrag wurde online erfolgreich zurückerstattet."
"Customweb_BNPMercanetCw::Successful payment authorization.","Die Zahlung wurde erfolgreich autorisiert."
"Customweb_BNPMercanetCw::Successfull online refund of amount","Der Betrag wurde online erfolgreich zurückerstattet."
"Customweb_BNPMercanetCw::Support","Support"
"Customweb_BNPMercanetCw::Systematic Authorization Card","Systematic Authorization Card"
"Customweb_BNPMercanetCw::Tax Amount","Steuerbetrag"
"Customweb_BNPMercanetCw::Technical issue: This payment methods is not available at the moment.","Technisches Problem: Diese Zahlungsmethode ist zur Zeit nicht verfügbar."
"Customweb_BNPMercanetCw::Test Mode","Test Modus"
"Customweb_BNPMercanetCw::Test Transaction","Testtransaktion"
"Customweb_BNPMercanetCw::The HMAC key as defined in the live backoffice of BNP Paribas Mercanet. You may need generate the HMAC key. Please take a look at the manual how to do this.","Der HMAC Key ist im Live Backoffice von BNP Paribas Mercanet angegeben. Eventuell müssen Sie den HMAC Key noch generieren. Eine Anleitung dazu finden Sie im Manual."
"Customweb_BNPMercanetCw::The SEPA mandate schema does not contain the tag '!tag'. This tag is required.","Das SEPA Mandat Scheme enthält leider nich die Bezeichnung '!tag'. Diese Bezeichnung ist aber Pflicht."
"Customweb_BNPMercanetCw::The alias could not be found.","Der Alias konnte nicht gefunden werden."
"Customweb_BNPMercanetCw::The alias has been deleted.","Der Alias wurde gelöscht"
"Customweb_BNPMercanetCw::The alias transaction could not be conductet with error code: !code, and reason: !reason:","Die Alias Transaktion konnte nicht durchgeführt werden. Fehlermeldung: !code und Grund: !reason."
"Customweb_BNPMercanetCw::The amount could not be verified.","Der Betrag konnte nicht verifiziert werden."
"Customweb_BNPMercanetCw::The amount is too high.","Der Betrag ist zu hoch."
"Customweb_BNPMercanetCw::The amount of !amount is authorized.","Der Betrag von '!amount' wurde autorisiert."
"Customweb_BNPMercanetCw::The amount of !amount is captured.","Der Betrag von !amount ist verbucht."
"Customweb_BNPMercanetCw::The authorisation is refused.","Die Autorisierung ist fehlgeschlagen."
"Customweb_BNPMercanetCw::The authorization method '!method' is not supported.","Die Autorisierungsmethode '!method' ist nicht unterstützt."
"Customweb_BNPMercanetCw::The authorization was not successful","Autorisierungsfehler. Die Autorisierung war nicht erfolgreich."
"Customweb_BNPMercanetCw::The brand of the credit card is detected by the card number if hidden authorization is used. If the payment page is used, the user has to select the brand. The allowed credit card brands can be restricted by this setting.","Der Kreditkartenanbieter wird anhand der Kartennummer falls Hidden Authorization benutzt wird. Wird die Zahlungsseite (Payment Page) benutzt, muss der Nutzer den Anbieter manuell auswählen. Über diese Einstellung können auch die akzeptierten Kreditkartenanbieter eingeschränkt werden."
"Customweb_BNPMercanetCw::The brand with external name '!key' was not present in the map.","Der Kreditkartenbrand mit dem Namen '!key' konnte nicht zugeordnet werden."
"Customweb_BNPMercanetCw::The brand with key '!key' was not found in the card information map.","Der Kreditkarten Brand mit dem '!key' wurde nicht gefunden in der Karteninformationsmap."
"Customweb_BNPMercanetCw::The calculated and returned seal do not match.","Die berechnete und die erhaltene Signatur stimmen nicht überein."
"Customweb_BNPMercanetCw::The calculated and the returned seal do not match.","Die berechnete und die erhaltene Signatur stimmen nicht überein."
"Customweb_BNPMercanetCw::The cancellation could not be conducted. Error code: !error.","Die Stornierung konnte nicht durchgeführt werden. Fehlercode: !error."
"Customweb_BNPMercanetCw::The capture amount (!captureAmount) cannot be greater than the authorized amount (!authorizedAmount).","Der Verbuchungsbetrag von '!captureAmount' kann nicht grösser sein als der autorisierte Betrag von '!authorizedAmount'."
"Customweb_BNPMercanetCw::The capture delay indicates how many day the transaction capture is delayed after the authorization.","Die Verbuchungsbverzögerung gibt an, wie viele Tage nach der Autorisierung die Transaktion verbucht werden soll."
"Customweb_BNPMercanetCw::The capture delay indicates how many days the transaction capture is delayed after the authorization.","Die Verbuchungsverzögerung gibt an, wie viele Tage nach der Autorisierung die Verbuchung stattfinden soll."
"Customweb_BNPMercanetCw::The capture item with SKU '@sku' has a higher amount (@amountItem) as the original item (@amountOriginal).","Der verbuchte Artikel mit der Bestandseinheit @sku hat einen höheren Wert (@amountItem) als der ursprüngliche Artikel (@amountOriginal)."
"Customweb_BNPMercanetCw::The capture item with SKU '@sku' is not present in the original order.","Der verbuchte Artikel mit der Bestandseinheit @sku ist in der ursprünglichen Bestellung nicht vorhanden."
"Customweb_BNPMercanetCw::The capturing could not be conducted. Error code: !error.","Die Verbuchung konnte nicht durchgeführt werden. Fehlercode: !error."
"Customweb_BNPMercanetCw::The card brand selection is automatically done depending on the entered card number. If no Javascript is active in the browser, a drop down is shown. In case JavaScript a the brand logos can be shown. Should the brand selection using images?","Die Auswahl des Kartenanbieters wird abhängig von der eingegebenen Kartennummer automatisch durchgeführt. Falls JavaScript im Browser nicht aktiviert ist, wird ein Dropdown-Menü angezeigt. Ist JavaScript aktiv, können die Logos der Anbieter gezeigt werden, sofern die Image Brand Selection aktiviert ist."
"Customweb_BNPMercanetCw::The configuration has been saved.","Die Konfiguration wurde gespeichert."
"Customweb_BNPMercanetCw::The controller class '@controller' does not provide any method with annotation 'Customweb_Payment_Endpoint_Annotation_ExtractionMethod' and valid output.","Die Controller Class '@controller' bietet keine Methode mit der Beschriftung 'Customweb_Payment_Endpoint_Annotation_ExtractionMethod' und gültigem Output."
"Customweb_BNPMercanetCw::The customer does not finish the payment with in the timeout.","Der Kunde hat die Zahlung nicht innerhalb des Timeouts abgeschlossen."
"Customweb_BNPMercanetCw::The date of birth is required.","Das Geburtsdatum muss angegeben werden."
"Customweb_BNPMercanetCw::The defined capture delay is not valid. It must be a positive integer.","Die festgelegte Verbuchungsverzögerung ist ungültig. Es muss eine positive ganze Zahl sein."
"Customweb_BNPMercanetCw::The expiry date is invalid or the card is expired.","Das Gültigkeitsdatum ist ungültig oder die Karte ist bereits ungültig."
"Customweb_BNPMercanetCw::The gender is required.","Geschlecht muss angegeben werden."
"Customweb_BNPMercanetCw::The given CVC code has the wrong length.","Der angegebene CVC Code hat eine ungültige Länge."
"Customweb_BNPMercanetCw::The given card number has an invalid check sum.","Die angegebene Kartennummer hat eine ungültige Check Summe."
"Customweb_BNPMercanetCw::The given card number has an invalid length.","Die angegebene Kartennummer hat eine ungültige Länge."
"Customweb_BNPMercanetCw::The given hmac key is empty.","Der HMAC Key ist ungültig."
"Customweb_BNPMercanetCw::The given identifier is empty.","Der Identifier ist ungültig."
"Customweb_BNPMercanetCw::The given password is empty.","Das Passwort ist ungültig."
"Customweb_BNPMercanetCw::The given rang is empty. It must be a nummeric value with length of two.","Der gegebene Rang ist leer. Er muss eine zweistellige Nummer sein."
"Customweb_BNPMercanetCw::The given rang is invalid. It must be a nummeric value with length of two.","Der gegebene Rang ist ungültig. Er muss eine zweistellige Nummer sein."
"Customweb_BNPMercanetCw::The given site number is empty.","Es wurde keine Seitenzahl angegeben."
"Customweb_BNPMercanetCw::The identifier as defined in the backoffice of BNP Paribas Mercanet.","Der Identifier, wie er im BNP Paribas Mercanet Backoffice angegeben ist."
"Customweb_BNPMercanetCw::The invoice could not be captured and processed by","Die Rechung konnte bei BNP Paribas Mercanet nicht gebucht und verarbeitet werden"
"Customweb_BNPMercanetCw::The invoice could not be captured and processed. Reason:","Die Rechnung konnte nicht verbucht und verarbeitet werden. Grund: !reason."
"Customweb_BNPMercanetCw::The invoice could not be found.","Die Rechung konnte nicht gefunden werden."
"Customweb_BNPMercanetCw::The invoice has been changed.","Die Rechnung wurde geändert."
"Customweb_BNPMercanetCw::The invoice no longer exists.","Die Rechnung existiert nicht mehr."
"Customweb_BNPMercanetCw::The layout does not contain the tag '!layout_tag'.","Das Layout enhält nicht den Tag '!layout_tag'."
"Customweb_BNPMercanetCw::The next update execution date indicates when the next cron is run to update the transaction state.","Das nächste Ausführungsdatum für upades zeigt Ihnen an, wann der nächste cron für das Update des Transaktionsstatus läuft."
"Customweb_BNPMercanetCw::The notification contains no 'Data' field.","Die Benachrichtigung enthält kein Datenfeld."
"Customweb_BNPMercanetCw::The notification contains no 'Seal' field.","Die Benachrichtigung enthält keine Signatur."
"Customweb_BNPMercanetCw::The notification contains no 'responseCode'.","Die Benachrichtigung enthält keinen Antwortcode"
"Customweb_BNPMercanetCw::The number of attempts to enter the card number exceeded.","Die maximale Anzahl an Versuchen bei der Eingabe der Kartennummer wurde überschritten."
"Customweb_BNPMercanetCw::The operation can not be performed. The transaction status does not allow this transaction or the operation is currenlty not possible.","Die Transaktion kann nicht durchgeführt werden. Der Status erlaubt diese Transaktion nicht oder sie ist aus anderen Gründen zurzeit nicht möglich."
"Customweb_BNPMercanetCw::The operation was rejected by an unkown error.","Die Transaktion wurde aus unbekanntem Grund abgebrochen."
"Customweb_BNPMercanetCw::The order is not fully completed. Please contact the store owner.","Die Zahlung konnte nicht durchgeführt werden."
"Customweb_BNPMercanetCw::The parameters ""3DSIGNVAL"" was false.","Der Parameter  ""3DSIGNVAL"" ist ungültig."
"Customweb_BNPMercanetCw::The payment form will be displayed after submitting the order.","Das Bezahlformular wird nach dem Absenden der Bestellung angezeigt."
"Customweb_BNPMercanetCw::The payment has been accepted.","Die Zahlung wurde akzeptiert"
"Customweb_BNPMercanetCw::The payment has been denied.","Die Zahlung wurde abgelehnt."
"Customweb_BNPMercanetCw::The payment method !paymentMethodName does not support the currency '!currency'.","Die Zahlweise '!paymentMethodName' unterstützt die Währung '!currency' nicht."
"Customweb_BNPMercanetCw::The payment method !paymentMethodName is not available in your country ('!country').","Die Zahlungsmethode '!paymentMethodName' ist in Ihrem Land ('!country') nicht verfügbar."
"Customweb_BNPMercanetCw::The payment method name '!name' could not be mapped to a payment method class.","Die Zahlungsmethode '!name' konnte keiner Kategorie von Zahlungsmethoden zugeordnet werden."
"Customweb_BNPMercanetCw::The payment update has been made.","Das Zahlungsupdate wurde ausgeführt."
"Customweb_BNPMercanetCw::The provided bank details or the provided CVC is invlaid.","Die angegebenen Bankverbindungsdetails oder die Kreditkartenverifikation ist ungültig."
"Customweb_BNPMercanetCw::The provided signature does not match with the one calculated.","Die eingegeben Signatur stimmt nicht mit der berechneten Signatur überein."
"Customweb_BNPMercanetCw::The rang (PBX_RANG) as defined in the live backoffice of BNP Paribas Mercanet. It must be nummeric value with length two. In the backoffice it may be displayed as a three char value. You must truncate the first digit.","Der Rang (PBX_RANG), wie er im Live Backoffice von BNP Paribas Mercanet_ angegeben ist. Er muss eine zweistellige Nummer sein. Im Backoffice wird er eventuell als dreistelliger Wert angezeigt. Sie müssen die erste Ziffer streichen."
"Customweb_BNPMercanetCw::The refund item with SKU '@sku' has a higher amount (@amountItem) as the original item (@amountOriginal).","Der zurückerstattete Artikel mit der Bestandseinheit @sku hat einen höheren Betrag (@amountItem) als der ursprüngliche Artikel (@amountOriginal)."
"Customweb_BNPMercanetCw::The refund item with SKU '@sku' is not present in the original order.","Der zurückerstattete Artikel mit der Bestandseinheit @sku ist in der ursprünglichen Bestellung nicht enthalten."
"Customweb_BNPMercanetCw::The refunding could not be conducted. Error code: !error.","Die Rückerstattung konnte nicht durchgeführt werden. Fehlercode: !error."
"Customweb_BNPMercanetCw::The reqeust is refused because it was treated as fraud.","Die Anfrage wurde zurückgewiesen, da Betrugsverdacht besteht."
"Customweb_BNPMercanetCw::The request failed because of invalid format in some field.","Ein Feldformat ist ungültig. Die Anfrage ist fehlgeschlagen."
"Customweb_BNPMercanetCw::The request failed because of invalid parameters in the reqeust.","Die Anfrage ist aufgrund fehlerhafter Parameter abgelehnt worden."
"Customweb_BNPMercanetCw::The response code returned by ____paymentServiceProvider____ after the authorization.","Der Antwortcode von ____paymentServiceProvider____ nach der Autorisierung zurückgegeben."
"Customweb_BNPMercanetCw::The returned response code is '!code'.","Der Antwortcode lautet '!code'."
"Customweb_BNPMercanetCw::The security rules are not observed, hence the transaction is stopped.","Die Transaktion wurde angehalten, da die Sicherheitsbedingungen nicht überwacht werden."
"Customweb_BNPMercanetCw::The service is temporarily unavailable.","Dieser Service ist zurzeit nicht verfügbar."
"Customweb_BNPMercanetCw::The shopping cart has been altered!","Der Warenkorb wurde verändert!"
"Customweb_BNPMercanetCw::The signature could not be verified.","Die Signatur konnte nicht verifiziert werden."
"Customweb_BNPMercanetCw::The site id (PBX_RANG) as defined in the backoffice of BNP Paribas Mercanet.","Die Site ID (PBX_RANG) wie Sie im Backoffice von BNP Paribas Mercanet angegeben ist."
"Customweb_BNPMercanetCw::The time between two payments in days.","The time between two payments in days."
"Customweb_BNPMercanetCw::The timeframe is exceeded, hence the transaction is refused.","Die Transaktion wurde zurückgewiesen, da der Zeitrahmen überschritten wurde."
"Customweb_BNPMercanetCw::The total number of payments (2-4).","The total number of payments (2-4)."
"Customweb_BNPMercanetCw::The total refund amount (!totalRefundedAmount) cannot be greater than the captured amount (!capturedAmount).","Der Totale gutzuschreibende Betrag von '!totalRefundedAmount' kann nicht grösser sein als der verbuchte Betrag von '!capturedAmount'."
"Customweb_BNPMercanetCw::The transaction cannot be cancelled online.","Die Transaktion kann nicht online storniert werden."
"Customweb_BNPMercanetCw::The transaction cannot be captured online.","Die Transaktion kann nicht online erfasst werden."
"Customweb_BNPMercanetCw::The transaction cannot be refunded online.","Die Transaktion kann nicht online zurückerstattet werden."
"Customweb_BNPMercanetCw::The transaction failed with error code !code.","Die Transaktion ist fehlgeschlagen. Fehlermeldung: !code"
"Customweb_BNPMercanetCw::The transaction is a duplicated of an other transaction. Therefore it is refused.","Die Transaktion wurde anhand einer anderen Transaktion dupliziert und muss zurückgewiesen werden."
"Customweb_BNPMercanetCw::The transaction is only executed in the test system. The goods should not be delivered.","Die Transaktion wird nur im Testsystem durchgeführt. Die Waren sollen nicht geliefert werden."
"Customweb_BNPMercanetCw::The transaction is pending.","Die Transaktion wird verarbeitet."
"Customweb_BNPMercanetCw::The transaction reference was not found in the remote system.","Die Transaktionsreferenz konnte im Remote-System nicht gefunden werden."
"Customweb_BNPMercanetCw::The transaction update feature is not active on this account","The transaction update feature is not active on this account"
"Customweb_BNPMercanetCw::The transaction was canceld by the customer.","Die Transaktion wurde vom Nutzer abgebrochen."
"Customweb_BNPMercanetCw::The validation time indicates how many days the authorization is valid. It has to be captured in this time period","Der Validierungszeitraum gibt an, wie viele Tage die Autorisierung gültig ist. In diesem Zeitraum muss verbucht werden."
"Customweb_BNPMercanetCw::The whole transaction is cancelled.","Die gesamte Transaktion wurde storniert."
"Customweb_BNPMercanetCw::There has been a problem during the processing of your payment.","Während der Verarbeitung der Zahlung ist ein Problem aufgetreten."
"Customweb_BNPMercanetCw::There has been a problem during the processing of your payment. Please contact the shop owner to make sure your order was placed successfully.","Während der Verarbeitung der Zahlung ist ein Problem aufgetreten. Bitte kontaktieren Sie den Shop-Betreiber um sicherzugehen, dass die Bestellung erfolgreich erfasst wurde."
"Customweb_BNPMercanetCw::There is a problem with your license. Please contact us (www.sellxed.com/support). Reason: %1","Es besteht ein Problem mit Ihrer Lizenz. Bitte kontaktieren Sie uns (www.sellxed.com/support). Reason: %1"
"Customweb_BNPMercanetCw::There is a problem with your license. Please contact us (www.sellxed.com/support). Reason: %s","There is a problem with your license. Please contact us (www.sellxed.com/support). Reason: %s"
"Customweb_BNPMercanetCw::There is already a customer registered using this email address. Please login using this email address or enter a different email address to register your account.","Es ist bereits ein Kunde mit dieser E-Mail-Adresse registriert. Bitte mit dieser E-Mail-Adresse anmelden, oder eine andere E-Mail-Adresse eingeben um ihren Account zu registrieren."
"Customweb_BNPMercanetCw::There seems to be a problem with the BNP Paribas Mercanet module.","Es scheint ein Problem mit dem BNP Paribas Mercanet-Modul  zu geben."
"Customweb_BNPMercanetCw::There was an error validating the login and password.","Ein Fehler ist bei der Validierung der Logindaten und des Passworts aufgetreten."
"Customweb_BNPMercanetCw::This account is not confirmed. <a href=""%s"">Click here</a> to resend confirmation email.","Dieser Account ist nicht verifiziert. <a href=""%s"">Klicken Sie hier</a> um die Bestätigungsemail erneut zu versenden."
"Customweb_BNPMercanetCw::This is a brief installation instruction of the main and most important installation steps. It is important that you strictly follow the check-list. Only by doing so, the secure usage in correspondence with all security regulations can be guaranteed.","Hier werden die wichtigsten Installationsschritte erläutert. Bitte befolgen Sie die einzelnen Punkte der Checkliste genau. Nur so kann ein sicherer Einsatz unter Einhaltung aller Sicherheitsregularien gewährleistet werden."
"Customweb_BNPMercanetCw::This operation is not activated on your merchant account.","Diese Transaktion wird in Ihrem Händler-Account nicht aktiviert."
"Customweb_BNPMercanetCw::This option defines how many days the transaction remains open after authorization. A value of 0 means that the authorization is captured as soon as possible. If you disable this function, you have to manually capture the transaction before it expires We recommend you to define a cron job in your shop especially if the capture delay is greater than 0 in order to automatically update the transaction status. How this can be done is described in the latest version of the integration manual. Please check with BNP Paribas Mercanet which delay is possible and what implication a delay may have.","Diese Einstellung gibt an, wie viele Tage nach der Autorisierung die Transaktion noch offen sein soll. 0 bedeutet, dass die Autorisierung so schnell wie möglich verbucht wird. Wenn Sie diese Funktion deaktivieren, müssen Sie Transaktionen manuell verbuchen, bevor die Frist verstrichen ist. Wir empfehlen, einen Cron Job in Ihrem Shop einzurichten, besonders wenn die Verbuchungsverzögerung länger ist als 0, um den Transaktionsstatus automatisch zu aktualisieren. Wie das geht ist in der neusten Version des Integration Manual zu lesen. Bitte kontaktieren Sie BNP Paribas Mercanet, um herauszufinden, welche Verzögerung möglich ist und welche entsprechenden Auswirkungen dies hat."
"Customweb_BNPMercanetCw::This option defines how many days the transaction remains open after authorization. A value of 0 means that the authorization is captured as soon as possible. We recommend you to define a cron job in your shop especially if the capture delay is greater than 0 in order to automatically update the transaction status. How this can be done is described in the latest version of the integration manual. Please check with BNP Paribas Mercanet which delay is possible and what implication a delay may have.","Diese Option definiert wie viele Tage nach der Autorisierung die Transaktion noch offen bleibt. Ein Wert von 0 bedeutet, dass die Autorisierung so bald wie möglich verbucht wird. Wir empfehlen, einen Cron Job in Ihrem Shop einzurichten, besonders wenn die Verbuchungsverzögerung grösser als 0 ist, damit der Transaktionsstatus automatisch aktualisiert wird. Wie das geht ist in der neuesten Version des Integration Manual zu lesen. Bitte fragen Sie bei BNP Paribas Mercanet nach, welche Verzögerungen möglich sind und welche Auswirkungen sie haben."
"Customweb_BNPMercanetCw::This password is used for recurring payments and for the alias manager as well as for the server authorization. This is the password of the BNP Paribas Mercanet account.","Dieses Passwort wird für wiederkehrende Zahlungen sowie für den Alias Manager und die Service Autorisierung benutzt. Dies ist das Passwort für den BNP Paribas Mercanet Account."
"Customweb_BNPMercanetCw::This setting can be used to activate resp. deactivate the 3D secure check. Please check with PayBox if you are allowed to deactivate the 3D secure check. This setting has only an effect when you use the payment page.","Anhand dieser Einstellung können Sie die 3D Secure Überprüfung aktivieren bzw. deaktivieren. Bitte fragen Sie bei Paybox an, ob sie 3D Secure deaktivieren dürfen. Diese Einstellung ist nur relevant, wenn Sie Payment Page benutzen."
"Customweb_BNPMercanetCw::This status is set, when the payment was successfull and it is authorized.","Dieser Status wird vergeben, wenn eine Zahlung erfolgreich war und autorisiert wurde."
"Customweb_BNPMercanetCw::This transaction is already closed for further captures.","Diese Transaktion ist bereits geschlossen und es können keine weiteren Buchungen vorgenommen werden."
"Customweb_BNPMercanetCw::This transaction is already closed for further refunds.","Diese Transaktion wurde für weitere Gutschriften bereits geschlossen."
"Customweb_BNPMercanetCw::This transaction is not in a valid state to be captured","Die Transaktion ist nicht in einem gültigen Status und kann nicht verbucht werden."
"Customweb_BNPMercanetCw::This transaction no longer exists.","Diese Transaktion existiert nicht mehr."
"Customweb_BNPMercanetCw::Timeout for pending payments (min)","Timeout für ausstehende Zahlungen (Min.)"
"Customweb_BNPMercanetCw::Titel","Titel"
"Customweb_BNPMercanetCw::Title","Titel"
"Customweb_BNPMercanetCw::Title of the payment method","Name der Zahlungsmethode"
"Customweb_BNPMercanetCw::Total","Total"
"Customweb_BNPMercanetCw::Total Shipping Charges","Total Lieferkosten"
"Customweb_BNPMercanetCw::Track order history","Getätigte Bestellungen verfolgen"
"Customweb_BNPMercanetCw::Transaction","Transaktion"
"Customweb_BNPMercanetCw::Transaction Authorized","Transaktion autorisiert"
"Customweb_BNPMercanetCw::Transaction Cancelled","Transaktion storniert"
"Customweb_BNPMercanetCw::Transaction Captured","Transaktion verbucht"
"Customweb_BNPMercanetCw::Transaction History","Transaktionsverlauf"
"Customweb_BNPMercanetCw::Transaction Id","Transaktions-ID"
"Customweb_BNPMercanetCw::Transaction Paid","Transaktion bezahlt"
"Customweb_BNPMercanetCw::Transaction Reference Prefix","Transaction Reference Prefix"
"Customweb_BNPMercanetCw::Transaction Uncertain","Transaktion ist unsicher"
"Customweb_BNPMercanetCw::Transaction Updates","Transaktionsupdates"
"Customweb_BNPMercanetCw::Transaction cancelled successfully","Die Transaktion wurde erfolgreich abgebrochen."
"Customweb_BNPMercanetCw::Transaction captured successfully","Die Transaktoin wurde erfolgreich verbucht."
"Customweb_BNPMercanetCw::Transaction history","Transaktionsübersicht"
"Customweb_BNPMercanetCw::Transaction was authorized over the deferred authorization mechanism.","Die Transaktion wurde über den verzägerten Autorisierungsmechanismus autorisiert."
"Customweb_BNPMercanetCw::Transactions","Transaktionen"
"Customweb_BNPMercanetCw::Unable to decode the server response.","Die Serverantwort kann nicht dekodiert werden"
"Customweb_BNPMercanetCw::Unable to save the invoice.","Die Rechnung konnte nicht gespeichert werden."
"Customweb_BNPMercanetCw::Uncertain Status","Unsicherer Status"
"Customweb_BNPMercanetCw::Uncertain transactions","Unsichere Transaktionen"
"Customweb_BNPMercanetCw::Update","Update"
"Customweb_BNPMercanetCw::Update Qty's","Anzahl anpassen"
"Customweb_BNPMercanetCw::Update interval for payments","Update Intervall für Zahlungen"
"Customweb_BNPMercanetCw::Use Base Currency","Basiswährung verwenden"
"Customweb_BNPMercanetCw::Use Default","Standardeinstellungen benutzen"
"Customweb_BNPMercanetCw::Use base currency","Zahlung in der Standard Währung setteln."
"Customweb_BNPMercanetCw::V PAY","V PAY"
"Customweb_BNPMercanetCw::VISA","VISA"
"Customweb_BNPMercanetCw::VISA Electron","VISA Electron"
"Customweb_BNPMercanetCw::Validation","Validierung"
"Customweb_BNPMercanetCw::Validation Time","Validierungszeitraum"
"Customweb_BNPMercanetCw::Velocity Card","Velocity Card"
"Customweb_BNPMercanetCw::Velocity Customer Id","Velocity Customer Id"
"Customweb_BNPMercanetCw::Velocity IP","Velocity IP"
"Customweb_BNPMercanetCw::Version","Version"
"Customweb_BNPMercanetCw::View","Anzeigen"
"Customweb_BNPMercanetCw::Visa Electron","VISA Electron"
"Customweb_BNPMercanetCw::Wait On Success Page","Auf der Success Seite warten"
"Customweb_BNPMercanetCw::We cannot get the transaction instance.","Wir können keine Transaktions-Instanz laden."
"Customweb_BNPMercanetCw::We experienced a problem with your sellxed payment extension. For more information, please visit the configuration page of the plugin.","Es gibt ein Problem mit Ihrem Zahlungsmodul. Für mehr Informationen, besuchen Sie für die Informationsseite des Plugins."
"Customweb_BNPMercanetCw::When the store is not available (network outage, server failure or any other outage), when the feedback of BNP Paribas Mercanet is sent, then the transaction state is not updated. Hence no order confirmation e-mail is sent and the order is not in the paid state. By activating the transaction update, such transactions can be authorized later over direct link. To use this feature the update service must be activated and the API username and the API password must be set.","Wenn der Shop nicht erreichbar ist (Netzwerk- Serverausfall o.ä.) während das Feedback von  BNP Paribas Mercanet gesendet wird, wird der Transaktionsstatus nicht aktualisiert. Daher wird keine Bestätigungsmail für die Bestellung verwand und die Bestellung hat noch nicht den Status ""bezahlt"". Indem Sie Transaktionsupdates aktivieren, können solche Transaktionen über einen direkten Link aktualisiert werden. Um diesen Service zu nutzen, muss der Update Service aktiviert sein und der API Nutzername sowie das Passwort müssen festgelegt sein."
"Customweb_BNPMercanetCw::When using an external checkout, the customer can either be asked to chose an option to authenticate (as guest, register or login) or he can always be checked out as guest. For the second option to work, guest checkout has to be enabled in magento.","Beim externen Checkout mit Adressübergabe hat der Kunde nach der Rückkehr aus dem Wallet die Möglichkeit sich einzuloggen (als gast, ein Konto erstellen oder mit den bestehenden Kundenkonto einloggen). Alternativ können Sie den Kunden zwingen immer als Gastkunde auszuchecken. In diesem Fall muss aber in Magento Gast Checkout als Option aktiviert sein."
"Customweb_BNPMercanetCw::White Card","White Card"
"Customweb_BNPMercanetCw::Year","Jahr"
"Customweb_BNPMercanetCw::Yes","Ja"
"Customweb_BNPMercanetCw::Yes, use images for the brand selection.","Logos für die Auswahl des Kartenanbieters benutzen."
"Customweb_BNPMercanetCw::You can allow the customers to manage/delete their aliases in the their account.","Sie können Ihren Kunden gestatten ihre Aliasse auf ihrem Konto zu verwalten/löschen."
"Customweb_BNPMercanetCw::You can decide on the order status new orders should have after they are processed successfully.","Definieren Sie den Bestellstatus für Bestellungen, welche erfolgreich verarbeitet wurden."
"Customweb_BNPMercanetCw::You can decide on the order status new orders should have that have an uncertain authorization status.","Definieren Sie den Bestellstatus für Bestellungen mit einer unisicheren Autorisierung."
"Customweb_BNPMercanetCw::You can restrict the usable cards for this payment method by this setting. Only the selected one can be used by the customer.","Wählen Sie aus, welche Kartenbrands im Checkout zur Auswahl angezeigt werden sollen. Nur die von Ihnen ausgewählten Karten können vom Kunden zur Bezahlung benutzt werden."
"Customweb_BNPMercanetCw::You can specify the order status for new orders that have an uncertain authorisation status.","Sie können den Status von Bestellungen mit unsicherem Autorisationsstatus definieren."
"Customweb_BNPMercanetCw::You can specify the order status for orders that are captured either directly after the order or manually in the backend.","Sie können den Status von Bestellungen definieren, die entwerder direkt anch der Bestellung oder manuell im Backend verbucht werden."
"Customweb_BNPMercanetCw::You can specify the order status for orders that are refused after being in a uncertain state.","Sie können den Status von abgelehnten Bestellungen festlegen, die vorher einen unsicheren Status hatten."
"Customweb_BNPMercanetCw::You can specify the order status for orders that are successful after being in a uncertain state.","Sie können den Status von erfolgreichen Bestellungen festlegen, die vorher einen unsicheren Status hatten."
"Customweb_BNPMercanetCw::You can specify the order status when an order is cancelled.","Sie können den Status von abgebrochenen Bestellungen definieren."
"Customweb_BNPMercanetCw::You created the order.","Sie haben die Bestellung aufgegeben."
"Customweb_BNPMercanetCw::You have an invalid distance selling contract.","Ihr Fernabsatzvertrag ist ungültig."
"Customweb_BNPMercanetCw::You have no stored aliases.","Sie haben keine gespeicherten Aliasse."
"Customweb_BNPMercanetCw::You have to enter a card number.","Sie müssen eine Kartennummer eingeben"
"Customweb_BNPMercanetCw::You have to enter bank code of your bank.","Sie müssen den Bankcode Ihrer Bank eingeben"
"Customweb_BNPMercanetCw::You have to enter commercial number of you company.","Sie müssen die Handelsregisternummer Ihrer Firma eingeben"
"Customweb_BNPMercanetCw::You have to enter either the CVC code or the issue number of your card.","Bitte geben Sie entweder den CVC oder die Ausgabenummer Ihrer Karte ein."
"Customweb_BNPMercanetCw::You have to enter sales tax number of you company.","Bitte tragen Sie hier die Steuernummer Ihrer Firma ein."
"Customweb_BNPMercanetCw::You have to enter sales tax number of your company.","Bitte geben Sie die Umsatzsteuer-Identifikationsnummer ein."
"Customweb_BNPMercanetCw::You have to enter the BIC.","Sie müssen die BIC eingeben."
"Customweb_BNPMercanetCw::You have to enter the CVC code from your card.","Sie müssen den CVC Ihrer Karte eingeben."
"Customweb_BNPMercanetCw::You have to enter the IBAN.","Sie müssen die IBAN Ihres Bankkontos eingeben"
"Customweb_BNPMercanetCw::You have to enter the account holder name on the card.","Sie müssen den Kontoinhaber angeben."
"Customweb_BNPMercanetCw::You have to enter the account holder name.","Bitte geben Sie den Kontoinhaber an."
"Customweb_BNPMercanetCw::You have to enter the card holder name on the card.","Bitte geben Sie den Namen des Karteninhabers ein"
"Customweb_BNPMercanetCw::You have to enter the location of your bank.","Bitte geben Sie den Standort Ihrer Bank ein."
"Customweb_BNPMercanetCw::You have to enter the name of the account owner.","Bitte geben Sie den Namen des Kontoinhabers an."
"Customweb_BNPMercanetCw::You have to enter the name of your bank.","Sie müssen den Namen Ihrer Bank eingeben."
"Customweb_BNPMercanetCw::You have to enter your IBAN Number.","Sie müssen die IBAN Ihres Bankkontos eingeben"
"Customweb_BNPMercanetCw::You have to enter your bank account number.","Bitte geben Sie die IBAN Ihres Bankkontos ein."
"Customweb_BNPMercanetCw::You have to enter your social security number.","Bitte geben Sie hier Ihre Sozialversicherungsnummer ein."
"Customweb_BNPMercanetCw::You may choose one of the cards you paid before on this site.","Sie können aus einer der bereits gespeicherten Karten auswählen."
"Customweb_BNPMercanetCw::You may choose one of your stored payment details.","Wählen Sie eine der gespeicherten Zahlungsinformationen zur Zahlung."
"Customweb_BNPMercanetCw::You will be redirect to the order confirmation page.","Sie werden zur Bestätigungsseite weitergeleitet"
"Customweb_BNPMercanetCw::Your browser does not allow the execution of JavaScript. Please activate JavaScript in your browser and reload this page.","Ihr Browser hat keine JavaScript Unterstützung. Bitte aktivieren Sie JavaScript oder wechseln Sie den Browser."
"Customweb_BNPMercanetCw::BNPMercanetCw Aliases","BNPMercanetCw Alias"
"Customweb_BNPMercanetCw::____paymentMethodName____","____paymentMethodName____"
"Customweb_BNPMercanetCw::BNP Paribas Mercanet","BNP Paribas Mercanet"
"Customweb_BNPMercanetCw::BNP Paribas Mercanet Aliases","BNP Paribas Mercanet Aliasse"
"Customweb_BNPMercanetCw::BNP Paribas Mercanet Error","BNP Paribas Mercanet Fehler"
"Customweb_BNPMercanetCw::BNP Paribas Mercanet Parameters","BNP Paribas Mercanet Parameter"
"Customweb_BNPMercanetCw::BNP Paribas Mercanet Refund Items","BNP Paribas Mercanet Gutschriftsartikel"
"Customweb_BNPMercanetCw::BNP Paribas Mercanet Section","BNP Paribas Mercanet Sektion"
"Customweb_BNPMercanetCw::BNP Paribas Mercanet Transactions","BNP Paribas Mercanet Transaktion"
"Customweb_BNPMercanetCw::BNP Paribas Mercanet: Alias Management","BNP Paribas Mercanet: Alias Management"
"Customweb_BNPMercanetCw::customweb ltd","customweb GmbH"
"Customweb_BNPMercanetCw::no","Nein"
"Customweb_BNPMercanetCw::or","oder"
"Customweb_BNPMercanetCw::yes","Ja"
