"Customweb_BNPMercanetCw::* Required Fields","* campo obbligatorio"
"Customweb_BNPMercanetCw::-- No Status Change --","-- Nessun cambiamento di stato --"
"Customweb_BNPMercanetCw::0","0"
"Customweb_BNPMercanetCw::1","1"
"Customweb_BNPMercanetCw::10","10"
"Customweb_BNPMercanetCw::11","11"
"Customweb_BNPMercanetCw::12","12"
"Customweb_BNPMercanetCw::13","13"
"Customweb_BNPMercanetCw::14","14"
"Customweb_BNPMercanetCw::15","15"
"Customweb_BNPMercanetCw::16","16"
"Customweb_BNPMercanetCw::17","17"
"Customweb_BNPMercanetCw::18","18"
"Customweb_BNPMercanetCw::19","19"
"Customweb_BNPMercanetCw::2","2"
"Customweb_BNPMercanetCw::20","20"
"Customweb_BNPMercanetCw::21","21"
"Customweb_BNPMercanetCw::22","22"
"Customweb_BNPMercanetCw::23","23"
"Customweb_BNPMercanetCw::24","24"
"Customweb_BNPMercanetCw::25","25"
"Customweb_BNPMercanetCw::26","26"
"Customweb_BNPMercanetCw::27","27"
"Customweb_BNPMercanetCw::28","28"
"Customweb_BNPMercanetCw::29","29"
"Customweb_BNPMercanetCw::3","3"
"Customweb_BNPMercanetCw::30","30"
"Customweb_BNPMercanetCw::3D Secure","3D Secure"
"Customweb_BNPMercanetCw::3D Secure Authentication","3D Secure Authentication"
"Customweb_BNPMercanetCw::3D Secure Minimum amount","3D Secure account minimo"
"Customweb_BNPMercanetCw::3D Secure failed","3D Secure fallito"
"Customweb_BNPMercanetCw::3D Secure sucess","La verifica 3D Secure é andata a buon fine"
"Customweb_BNPMercanetCw::4","4"
"Customweb_BNPMercanetCw::5","5"
"Customweb_BNPMercanetCw::6","6"
"Customweb_BNPMercanetCw::7","7"
"Customweb_BNPMercanetCw::8","8"
"Customweb_BNPMercanetCw::9","9"
"Customweb_BNPMercanetCw::<span class=""card-expiry-format-note"">The expected format is '!format' where the 'MM' means the month number and 'YY' the year number.</span>","<span class=""card-expiry-format-note""> Il formato previsto é '!format' dove per 'MM' si intende il numero del mese e 'YY' il numero dell'anno.</span>"
"Customweb_BNPMercanetCw::A authorized transaction cannot be authorized again.","Una transazione autorizzata non può essere autorizzata di nuovo."
"Customweb_BNPMercanetCw::A authorized transaction cannot be marked as failed.","Una transazione autorizzata non può essere contrassegnata come non riuscita."
"Customweb_BNPMercanetCw::A cancelled transaction cannot be authorized.","Una transazione annullata non può essere autorizzata."
"Customweb_BNPMercanetCw::A cancelled transaction cannot be cancelled again.","Una transazione cancellata non può essere cancellata nuovamente."
"Customweb_BNPMercanetCw::A cancelled transaction cannot be captured.","Una transazione annullata non può essere registrata."
"Customweb_BNPMercanetCw::A cancelled transaction cannot be marked as failed.","Una transazione annullata non può essere contrassegnato come fallita."
"Customweb_BNPMercanetCw::A cancelled transaction cannot be refunded.","Una transazione cancellata non può essere rimborsata."
"Customweb_BNPMercanetCw::A captured transaction cannot be authorized.","Una transazione registrata non può essere autorizzata."
"Customweb_BNPMercanetCw::A captured transaction cannot be cancelled.","Una transazione registrata non può essere annullata."
"Customweb_BNPMercanetCw::A captured transaction cannot be marked as failed.","Una transazione registrata non può essere contrassegnata come non riuscita."
"Customweb_BNPMercanetCw::A failed authorization cannot be authorized.","Una autorizzazione fallita non può essere autorizzata."
"Customweb_BNPMercanetCw::A payment method may not available for customers from different counties. You can decide when this availability check should happen. We recommend to set it during authorization","Alcuni metodi di pagamento non sono disponibili in alcuni paesi. E` possibile definire il momento in cui il controllo della disponibilità deve essere eseguito. Si consiglia di mettere su 'Durante l'autorizzazione'."
"Customweb_BNPMercanetCw::A refund was added over !amount.","Un rimborso é stato aggiunto a !amount."
"Customweb_BNPMercanetCw::A transaction may be uncertain, when the payment is not guaranteed. For example in case the credit card does not participate in the 3D procedure.","Una transazione può essere incerta, quando il pagamento non é garantito. Per esempio nel caso la carta di credito non partecipa alla procedura 3D."
"Customweb_BNPMercanetCw::About","A proposito di"
"Customweb_BNPMercanetCw::Account Holder Name","Intestatario del conto"
"Customweb_BNPMercanetCw::Account owner name.","Intestatario del conto"
"Customweb_BNPMercanetCw::Action","Azione"
"Customweb_BNPMercanetCw::Actions","Azioni"
"Customweb_BNPMercanetCw::Activate","Activate"
"Customweb_BNPMercanetCw::Activate the payment method that you want to accept payments with.","Attiva il metodo di pagamento con cui vuoi accettare i pagamenti."
"Customweb_BNPMercanetCw::Active","Attivo"
"Customweb_BNPMercanetCw::Additional Information","Ulteriori informazioni"
"Customweb_BNPMercanetCw::Adjust Qty","Regolare la quantità"
"Customweb_BNPMercanetCw::Adjustment Discount","Regolazione del discount"
"Customweb_BNPMercanetCw::Adjustment Fee","Costi di adeguamento"
"Customweb_BNPMercanetCw::After payment selection","Dopo la scelta del pagamento"
"Customweb_BNPMercanetCw::Ajax authorization not supported.","Autorizzazione Ajax non supportata."
"Customweb_BNPMercanetCw::Alias","Alias"
"Customweb_BNPMercanetCw::Alias For Display","Alias da visualizzare"
"Customweb_BNPMercanetCw::All Customers","Tutti i clienti"
"Customweb_BNPMercanetCw::Allowed Currencies","Valute accettate"
"Customweb_BNPMercanetCw::Allowed currencies for this payment method","Valute ammesse per questo metodo di pagamento"
"Customweb_BNPMercanetCw::Already registered?","Già iscritto?"
"Customweb_BNPMercanetCw::Always Checkout as Guest","Effettua il checkout sempre come ospite"
"Customweb_BNPMercanetCw::American Express","American Express"
"Customweb_BNPMercanetCw::Amount","Importo"
"Customweb_BNPMercanetCw::Amount Incl. Tax","Importo tasse incluse"
"Customweb_BNPMercanetCw::Are you sure you want to cancel this order?","Sei sicuro di voler cancellare questo ordine?"
"Customweb_BNPMercanetCw::Author","Autore"
"Customweb_BNPMercanetCw::Authorisation request to be performed via telephone with the issuer, as the card authorisation threshold has been exceeded, if the forcing is authorised for the merchant.","Richiesta di autorizzazione da eseguire via telefono con l'emittente, appena la soglia di autorizzazione della carta é  superata, se la forzatura é autorizzata per il commerciante."
"Customweb_BNPMercanetCw::Authorization Amount","Importo autorizzazione"
"Customweb_BNPMercanetCw::Authorization Failed","Autorizzazione non riuscita"
"Customweb_BNPMercanetCw::Authorization Method","Metodo di autorizzazione"
"Customweb_BNPMercanetCw::Authorization is uncertain.","Autorizzazione incerta"
"Customweb_BNPMercanetCw::Authorized Status","Status autorizzato"
"Customweb_BNPMercanetCw::Await Notification","Attendi la notifica"
"Customweb_BNPMercanetCw::Awaiting confirmation","In attesa di conferma"
"Customweb_BNPMercanetCw::BIC","BIC"
"Customweb_BNPMercanetCw::Bad signature format.","Bad signature format."
"Customweb_BNPMercanetCw::Bank Location","Posizione della banca"
"Customweb_BNPMercanetCw::Bank Name","Nome della banca"
"Customweb_BNPMercanetCw::Bank account number","Numero IBAN"
"Customweb_BNPMercanetCw::Bank code number","Numero del codice bancario"
"Customweb_BNPMercanetCw::Before payment selection","Prima della selezione del pagamento"
"Customweb_BNPMercanetCw::Billing Address","Billing Address"
"Customweb_BNPMercanetCw::Billing Information","Dati di fatturazione"
"Customweb_BNPMercanetCw::Billing address","indirizzo di fatturazione"
"Customweb_BNPMercanetCw::Black Card","Black Card"
"Customweb_BNPMercanetCw::Brand Name","Brand Name"
"Customweb_BNPMercanetCw::By pass 3D secure","By pass 3D secure"
"Customweb_BNPMercanetCw::By setting the capturing the reservation can be captured directly after the order or later manually over the backend of the store.","By setting the capturing the reservation can be captured directly after the order or later manually over the backend of the store."
"Customweb_BNPMercanetCw::CVC Code","Codice CVC"
"Customweb_BNPMercanetCw::Can not be empty","Non può essere vuoto"
"Customweb_BNPMercanetCw::Cancel","Interrompere"
"Customweb_BNPMercanetCw::Cancel ID","Cancel ID"
"Customweb_BNPMercanetCw::Cancel pending orders when out of stock","Cancellare gli ordini pendenti quando fuori stock."
"Customweb_BNPMercanetCw::Cancel status","Status di cancellazione"
"Customweb_BNPMercanetCw::Canceled BNPMercanetCw","____ModuleCamel___ annullato"
"Customweb_BNPMercanetCw::Canceling of this payment not possible!","Questo pagamento non può essere cancellato!"
"Customweb_BNPMercanetCw::Cancelled Status","Status annullato"
"Customweb_BNPMercanetCw::Cannot update item quantity.","Impossibile aggiornare la quantità dell'articolo."
"Customweb_BNPMercanetCw::Capture Amount","Capture Amount"
"Customweb_BNPMercanetCw::Capture Delay","Registrazione ritardo"
"Customweb_BNPMercanetCw::Capture ID","Capture ID"
"Customweb_BNPMercanetCw::Capture amount","Importo contabilizzato"
"Customweb_BNPMercanetCw::Capture information","Informazione della contabilizzazione"
"Customweb_BNPMercanetCw::Capture status","Status di registrazione"
"Customweb_BNPMercanetCw::Capture: Don't Close","Registrazione: Non chiudere"
"Customweb_BNPMercanetCw::Captured Amount","Importo riconosciuto"
"Customweb_BNPMercanetCw::Captured Status","Status registrato"
"Customweb_BNPMercanetCw::Captures","Acquisizione"
"Customweb_BNPMercanetCw::Captures & Refunds","Registrazioni & Rimborsi"
"Customweb_BNPMercanetCw::Capturing","Contabilizzare"
"Customweb_BNPMercanetCw::Capturing Delay","Registrazione ritardo"
"Customweb_BNPMercanetCw::Card Expiration","Carta di data di scadenza"
"Customweb_BNPMercanetCw::Card Holder Name","Titolari di carte"
"Customweb_BNPMercanetCw::Card Number","Numero di carta"
"Customweb_BNPMercanetCw::Carrier Title","Titolo del trasportatore"
"Customweb_BNPMercanetCw::Check out faster","Effettua il checkout più velocemente"
"Customweb_BNPMercanetCw::Check to activate the external checkout.","Selezionare questa opzione per attivare il checkout esterno."
"Customweb_BNPMercanetCw::Checkout","Checkout"
"Customweb_BNPMercanetCw::Checkout as Guest","Checkout come ospite"
"Customweb_BNPMercanetCw::Checkout as a Guest or Register","Checkout come ospite o iscriviti"
"Customweb_BNPMercanetCw::Checkout as a new customer","Effettua il checkout come nuovo cliente"
"Customweb_BNPMercanetCw::Checkout using your account","Effettua il checkout utilizzando il tuo account"
"Customweb_BNPMercanetCw::Choose settlement after order in case you want an invoice to be created with your oder. The state of the invoice will set according to your capture status","Seleziona 'Creazione dopo l'ordine' se vuoi che la fattura venga creata. Lo status della fattura sarà impostato secondo lo status della registrazione"
"Customweb_BNPMercanetCw::Company Commercial Number","Numero commerciale dell'azienda"
"Customweb_BNPMercanetCw::Confirm Password","Conferma la password"
"Customweb_BNPMercanetCw::Continue","Continua"
"Customweb_BNPMercanetCw::Corporate Card","Corporate Card"
"Customweb_BNPMercanetCw::Could not convert object of type '!type' to string.","Impossibile convertire l'oggetto di tipo '!type' in  string."
"Customweb_BNPMercanetCw::Could not find a brand for the given card number.","Impossibile trovare un marchio in base al numero di carta fornito."
"Customweb_BNPMercanetCw::Could not find pressed button.","Impossibile trovare il pulsante premuto."
"Customweb_BNPMercanetCw::Could not find template file at default location '!location'.","Impossibile trovare il file template nella posizione di default '!location'."
"Customweb_BNPMercanetCw::Could not find the payment method !paymentMethodName.","Impossibile trovare il metodo di pagamento !paymentMethodName."
"Customweb_BNPMercanetCw::Could not load layout from URL !url. Reason: !reason","Impossibile caricare il layout dall' URL !url. motivo: !reason"
"Customweb_BNPMercanetCw::Create Account","Crea un account"
"Customweb_BNPMercanetCw::Create New Order - Payment","Crea un nuovo ordine - Pagamento"
"Customweb_BNPMercanetCw::Create a recurring payment, with an existing alias is not supported","Create a recurring payment, with an existing alias is not supported"
"Customweb_BNPMercanetCw::Creating an account has many benefits:","I numerosi vantaggi di creare un account:"
"Customweb_BNPMercanetCw::Creation Date","Data di creazione"
"Customweb_BNPMercanetCw::Credit Card Brands","Marche Carta di Credito"
"Customweb_BNPMercanetCw::Credit Memo History","Credit Memo History"
"Customweb_BNPMercanetCw::Credit Memo Totals","Credit Memo Totals"
"Customweb_BNPMercanetCw::Credit memo's total must be positive.","Il totale di nota di credito deve essere positivo."
"Customweb_BNPMercanetCw::Currency","Valuta"
"Customweb_BNPMercanetCw::Current Configuration Scope:","Attuale ambito di configurazione:"
"Customweb_BNPMercanetCw::Customer Account","Account cliente"
"Customweb_BNPMercanetCw::Customer Alias Management","Gestione dell'Alias del cliente"
"Customweb_BNPMercanetCw::Customer successfully returned from BNPMercanetCw","Il cliente é tornato con successo da BNPMercanetCw."
"Customweb_BNPMercanetCw::Customer successfully returned from BNP Paribas Mercanet","Cliente rimandato con successo dalla pagina di pagamento ____ ModuleCamel____."
"Customweb_BNPMercanetCw::Customer sucessfully returned from the BNPMercanetCw payment page.","Customer sucessfully returned from the BNPMercanetCw payment page."
"Customweb_BNPMercanetCw::Customers","Clienti"
"Customweb_BNPMercanetCw::Customweb","Customweb"
"Customweb_BNPMercanetCw::Date","Data"
"Customweb_BNPMercanetCw::Date of Birth","Data di nascita"
"Customweb_BNPMercanetCw::Day","Giorno"
"Customweb_BNPMercanetCw::Deactivate","Deactivate"
"Customweb_BNPMercanetCw::Dear customer we have received your billing and shipping information. In order to finish your order please create an account below or checkout as guest.","Gentile cliente abbiamo ricevuto le sue informazioni  di  fatturazione e  spedizione. Per concludere il tuo ordine,  vai alla cassa, crea un nuovo accesso o effettua il checkout come ospite."
"Customweb_BNPMercanetCw::Dear customer, it appears to us that your payment was successful, but we are still waiting for confirmation. You can wait on this page and we will redirect you after we received the confirmation. Or you can close this window and we will send out an order confirmation email.","Gentile cliente, il suo pagamento sembra andato a buon fine, tuttavia siamo ancora in attesa di conferma. Può aspettare su questa pagina e la reindirizzeremo dopo che avremo ricevuto la conferma. Oppure può chiudere questa finestra e le invieremo una e-mail di conferma dell'ordine."
"Customweb_BNPMercanetCw::Default Config","Configurazione predefinita"
"Customweb_BNPMercanetCw::Deferred","Ritardato"
"Customweb_BNPMercanetCw::Deferred (authorization)","Deferred (authorization)"
"Customweb_BNPMercanetCw::Deferred capturing","Registrazione ritardata"
"Customweb_BNPMercanetCw::Deferred settlement","Creazione ritardata"
"Customweb_BNPMercanetCw::Define a maximal order total for this checkout to be available.","Definire un ordine totale massimo al fine che questo checkout sia disponibile."
"Customweb_BNPMercanetCw::Define a minimal order total for this checkout to be available.","Definire un ordine totale minimo al fine che questo checkout sia disponibile."
"Customweb_BNPMercanetCw::Delayed","Ritardato"
"Customweb_BNPMercanetCw::Delete","Cancellare"
"Customweb_BNPMercanetCw::Delivery address","Indirizzo di consegna"
"Customweb_BNPMercanetCw::Description","Descrizione"
"Customweb_BNPMercanetCw::Diners Club","Diners Club"
"Customweb_BNPMercanetCw::Direct Debits","Direct Debits"
"Customweb_BNPMercanetCw::Direct E-Banking","Direct E-Banking"
"Customweb_BNPMercanetCw::Direct capture after order","Subito dopo l'acquisto"
"Customweb_BNPMercanetCw::Directly after order","Subito dopo l'acquisto"
"Customweb_BNPMercanetCw::Directly after order (sale)","Directly after order (sale)"
"Customweb_BNPMercanetCw::Disabled","Disattivato"
"Customweb_BNPMercanetCw::Discount","Sconto"
"Customweb_BNPMercanetCw::Discount Amount","Sconto"
"Customweb_BNPMercanetCw::Do not by pass 3D secure","Do not by pass 3D secure"
"Customweb_BNPMercanetCw::Don't change order status","Non cambiare lo stato dell'ordine"
"Customweb_BNPMercanetCw::During authorization","Durante l'autorizzazione"
"Customweb_BNPMercanetCw::During the checkou a 3D secure authentication may be done. With this setting you can by control, if this authorization should be done or not. You may have a higher fraud ration without 3D secure.","During the checkou a 3D secure authentication may be done. With this setting you can by control, if this authorization should be done or not. You may have a higher fraud ration without 3D secure."
"Customweb_BNPMercanetCw::ECard","ECard"
"Customweb_BNPMercanetCw::Edit","Modifica"
"Customweb_BNPMercanetCw::Edit Invoice %s","Modifica la fattura %s"
"Customweb_BNPMercanetCw::Email Address","Indirizzo email"
"Customweb_BNPMercanetCw::Empty version number field name","Campo del numero vuoto"
"Customweb_BNPMercanetCw::Enable or disable logging.","Attiva o disattiva logging."
"Customweb_BNPMercanetCw::Enable the configured payment plans for this method.","Attiva i piani di pagamento configurati per questo metodo."
"Customweb_BNPMercanetCw::Enable the payment method","Attiva la modalità di pagamento"
"Customweb_BNPMercanetCw::Enabled","Attivato"
"Customweb_BNPMercanetCw::Enter here the live merchant ID. This merchant ID is used only when the live operation mode is used.","Inserisci qui il live merchant ID. Questo merchant ID viene utilizzato solo quando si utilizza la modalità live."
"Customweb_BNPMercanetCw::Enter here the live secret key version. You can get the secret key version from the extranet. This secret key is used only when the live operation mode is used.","Inserisci qui la live secret key che puoi trovare nell'extranet e viene utilizzata solo quando viene utilizzata la modalià live."
"Customweb_BNPMercanetCw::Enter here the live secret key. You can get the secret key from the extranet. This secret key is used only when the live operation mode is used. The secret key is used to sign the request done to BNP Paribas Mercanet.","Inserisci il live secret key che puoi trovare nell' extranet ed é utilizzato solo quando viene utilizzata la modalità live. La secret key viene utilizzata per firmare la richiesta fatta a BNP Paribas Mercanet."
"Customweb_BNPMercanetCw::Enter the Merchant ID that you find under <a href='https://mercanet-telechargement.bnpparibas.net'>https://mercanet-telechargement.bnpparibas.net</a> (Secret key on the right upper corner). The login details are provided by BNP Paribas Mercanet.","Inserire il Merchant ID che trovi in <a href='https://mercanet-telechargement.bnpparibas.net'>https://mercanet-telechargement.bnpparibas.net</a> (Secret key in alto a destra). I dettagli di login sono forniti da  BNP Paribas Mercanet."
"Customweb_BNPMercanetCw::Enter the date on which your card expires.","Inserisci la data di scadenza della carta."
"Customweb_BNPMercanetCw::Error connecting to BNP Paribas Mercanet. Reason: !message","Errore durante la connessione a BNP Paribas Mercanet.  Motivo : !message"
"Customweb_BNPMercanetCw::Error with the length of the validation date.","Error with the length of the validation date."
"Customweb_BNPMercanetCw::Excl. Tax","Escl. tasse"
"Customweb_BNPMercanetCw::Expiry Date","Carta di data di scadenza"
"Customweb_BNPMercanetCw::External Checkout","Checkout esterno"
"Customweb_BNPMercanetCw::External Checkout: Guest Checkout","Checkout esterno: Checkout da ospite"
"Customweb_BNPMercanetCw::Failed","Non andato a buon fine"
"Customweb_BNPMercanetCw::Failed payment authorization.","L'autorizzazione é stata rifiutata."
"Customweb_BNPMercanetCw::Failed to send request to remote server. Expect to receive response code 200, receive code !code. Status Message: !message","Impossibile inviare una richiesta al server remoto. Riceverai il codice di risposta 200, ricevere il codice codice!. Messaggio di status: !message"
"Customweb_BNPMercanetCw::Figure !number:","Figure !number:"
"Customweb_BNPMercanetCw::First","Primo"
"Customweb_BNPMercanetCw::Foreign Bin Card","Foreign Bin Card"
"Customweb_BNPMercanetCw::Forgot Your Password?","Hai dimenticato la password?"
"Customweb_BNPMercanetCw::Forgot your password?","Hai dimenticato la password?"
"Customweb_BNPMercanetCw::Get Update","Aggiorna"
"Customweb_BNPMercanetCw::Grey Card","Grey Card"
"Customweb_BNPMercanetCw::Grey IP","Grey IP"
"Customweb_BNPMercanetCw::Here you can insert an order prefix. The prefix allows you to change the order number that is transmitted to Authorize.net. The prefix must contain the tag {id}. It will then be replaced by the order number (e.g. name_{id}).","Here you can insert an order prefix. The prefix allows you to change the order number that is transmitted to Authorize.net. The prefix must contain the tag {id}. It will then be replaced by the order number (e.g. name_{id})."
"Customweb_BNPMercanetCw::Here you can insert an transaction reference prefix. The prefix allows you to change the order number that is transmitted to BNP Paribas Mercanet. The prefix must contain the tag {id}. It will then be replaced by the order number (e.g. name_{id}).","Qui è possibile inserire un prefisso d'ordine. Il prefisso consente di cambiare il numero d'ordine che viene trasmesso a BNP Paribas Mercanet .  Il profilo deve contenere il tag {id}. Il prefisso sarà poi sostituito dal numero d'ordine (es. name-{id}). Non utilizzare '_'."
"Customweb_BNPMercanetCw::Hide","Nascondi"
"Customweb_BNPMercanetCw::IBAN","IBAN"
"Customweb_BNPMercanetCw::IBAN number","Numero IBAN"
"Customweb_BNPMercanetCw::IP Country","Ip Paese"
"Customweb_BNPMercanetCw::If a product is in stock only once and the payment of the customer ordering this product fails or is aborted, it won't be available until the order is canceled (see timeout option below). Enable this setting to cancel the customer's pending orders when he returns to the cart page and a product is not available anymore.","Se é rimasto un solo pezzo in magazzino e il pagamento del cliente che vuole comprare questo prodotto fallisce, il prodotto sarà riservato fino a quando l'ordine é cancellato (vedere l'opzione Timeout). Attivare questa opzione se si desidera che il prodotto NON sia riservato e che l'ordine con un pagamento non riuscito sia immediatamente annullato."
"Customweb_BNPMercanetCw::If a product is in stock only once and the payment of the customer ordering this product fails or is aborted, it won't be available until the order is canceled (see timeout option below). Enable this setting to cancel the customer's pending orders when he returns to the cart page and a product is not available anymore. Be careful though: If you enable this option, there is a chance that payments are made with the corresponding order being already canceled.","Se un prodotto è disponibile solo una volta e il pagamento dell'ordine cliente il prodotto non riesce o viene interrotta, non sarà disponibile fino a quando l'ordine viene annullato (guarda l'opzione di timeout di seguito). Attiva questa impostazione per annullare gli ordini in attesa del cliente quando torna alla pagina del carrello e di un prodotto non è più disponibile. Attenzione, però: se si attiva questa opzione, c'è una possibilità che i pagamenti vengano effettuati con l'ordine corrispondente che é già stato annullato."
"Customweb_BNPMercanetCw::If an order total is below the specified amount, it will be processed without 3d Secure.","Se il totale di un ordine é inferiore all'importo specificato, sarà processato senza il 3d Secure."
"Customweb_BNPMercanetCw::If an order total is below the specified amount, it will be processed without the Black Card check.","Se un totale dell'ordine è inferiore al valore specificato, verrà elaborato senza il controllo Black Card."
"Customweb_BNPMercanetCw::If an order total is below the specified amount, it will be processed without the Corporate Card check.","Se un totale dell'ordine è inferiore al valore specificato, verrà elaborato senza il controllo Corporate Card."
"Customweb_BNPMercanetCw::If an order total is below the specified amount, it will be processed without the ECard check.","Se un totale dell'ordine è inferiore al valore specificato, verrà elaborato senza il controllo ECard."
"Customweb_BNPMercanetCw::If an order total is below the specified amount, it will be processed without the Expiry Date check.","Se un totale dell'ordine è inferiore al valore specificato, verrà elaborato senza il controllo Expiry Date."
"Customweb_BNPMercanetCw::If an order total is below the specified amount, it will be processed without the Foreign Bin Card check.","Se un totale dell'ordine è inferiore al valore specificato, verrà elaborato senza il controllo Foreign Bin Card."
"Customweb_BNPMercanetCw::If an order total is below the specified amount, it will be processed without the Grey Card check.","Se un totale dell'ordine è inferiore al valore specificato, verrà elaborato senza il controllo Grey Card."
"Customweb_BNPMercanetCw::If an order total is below the specified amount, it will be processed without the Grey IP check.","Se un totale dell'ordine è inferiore al valore specificato, verrà elaborato senza il controllo Grey IP."
"Customweb_BNPMercanetCw::If an order total is below the specified amount, it will be processed without the IP Country check.","Se un totale dell'ordine è inferiore al valore specificato, verrà elaborato senza il controllo dell' IP Paese."
"Customweb_BNPMercanetCw::If an order total is below the specified amount, it will be processed without the Max Card Per CustomerId check.","Se un totale dell'ordine è inferiore al valore specificato, verrà elaborato senza il controllo Max Card Per CustomerId."
"Customweb_BNPMercanetCw::If an order total is below the specified amount, it will be processed without the Max CustomerId Per Card check.","Se un totale dell'ordine è inferiore al valore specificato, verrà elaborato senza il controllo Max CustomerId Per Carta."
"Customweb_BNPMercanetCw::If an order total is below the specified amount, it will be processed without the Simility IP Card check.","Se un totale dell'ordine è inferiore al valore specificato, verrà elaborato senza il controllo di Simility IP Card."
"Customweb_BNPMercanetCw::If an order total is below the specified amount, it will be processed without the Systematic Authorization Card check.","Se un totale dell'ordine è inferiore al valore specificato, verrà elaborato senza il controllo Systematic Authorization Card."
"Customweb_BNPMercanetCw::If an order total is below the specified amount, it will be processed without the Velocity Card check.","Se un totale dell'ordine è inferiore al valore specificato, verrà elaborato senza il controllo Velocity Card."
"Customweb_BNPMercanetCw::If an order total is below the specified amount, it will be processed without the Velocity Customer Id check.","Se un totale dell'ordine è inferiore al valore specificato, verrà elaborato senza il controllo Velocity Customer Id."
"Customweb_BNPMercanetCw::If an order total is below the specified amount, it will be processed without the Velocity IP check.","Se un totale dell'ordine è inferiore al valore specificato, verrà elaborato senza il controllo del Velocity IP."
"Customweb_BNPMercanetCw::If an order total is below the specified amount, it will be processed without the White Card check.","Se un totale dell'ordine è inferiore al valore specificato, verrà elaborato senza il controllo White Card."
"Customweb_BNPMercanetCw::If it is not applicable leave the field empty.","Se non é possibile lasciare il campo vuoto."
"Customweb_BNPMercanetCw::If the status is 'Pending' it is unclear whether the transaction will be cancelled successfully.","Se lo stato é 'in sospeso' non é chiaro se la transazione verrà annullata correttamente."
"Customweb_BNPMercanetCw::If the status is 'Pending' it is unclear whether the transaction will be captured successfully.","Se lo stato é 'In sospeso' non é chiaro se la transazione sarà registrata con successo."
"Customweb_BNPMercanetCw::If the status is 'Pending' it is unclear whether the transaction will be refunded successfully.","Se lo stato é 'In sospeso' non é chiaro se la transazione sarà rimborsata con successo."
"Customweb_BNPMercanetCw::If the test mode is selected the test account is used. Otherwise the configured account is used.","If the test mode is selected the test account is used. Otherwise the configured account is used."
"Customweb_BNPMercanetCw::If you have any issues with the module please feel free to contact us. See our <a href='https://www.sellxed.com/en/support' target='_blank'>support page</a> for more information.","Se hai problemi con il modulo non esitare a contattarci. Controlla anche <a href='https://www.sellxed.com/en/support' target='_blank'>support page</a> per ulteriori informazioni."
"Customweb_BNPMercanetCw::If you select this checkbox, the payment will be captured at the PSP and you can not add additional captures.","Se selezioni questa opzione, il pagamento sarà registrato al PSP e non puoi aggiungere ulteriori registrazioni."
"Customweb_BNPMercanetCw::If you would like to use recurring payments, you need our magento module ""Customweb Subscription"". For further information go to <a href=""http://www.sellxed.com/shop/"" target=""_blank"">sellxed.com</a>.","Se si desidera utilizzare pagamenti ricorrenti, è necessario il modulo di Magento ""abbonamento CustomWeb "". Per ulteriori informazioni visitare <a href=""http://www.sellxed.com/shop/"" target=""_blank"">sellxed.com</a>."
"Customweb_BNPMercanetCw::Image Brand Selection","Image Brand Selection"
"Customweb_BNPMercanetCw::In simulation mode the general merchant ID on the simulation plattform is used. In simulation mode the test cards must be used. After you received the merchant ID you should switch to live mode.","Nella modalità di simulazione viene utilizzato il merchant ID generale sul plattform di simulazione. In modalità simulazione devono essere usate le schede di prova. Dopo aver ricevuto il merchant ID si deve passare alla modalità live."
"Customweb_BNPMercanetCw::In some cases it may take a few seconds until the transaction is successfully authorized. When this option is enabled, the notification is awaited.","In alcuni casi possono volerci alcuni secondi prima che la transazione sia autorizzata con successo. Quando l'opzione é attivata, la notifica arriva dopo qualche secondo."
"Customweb_BNPMercanetCw::In some cases the transaction requires a few seconds until it is successfully authorized. When this option is enabled the user is hold until the transaction reach the final state. If this is not the case in 30 seconds a message is shown to the customer, which explains the situation.","In alcuni casi l'operazione richiede alcuni secondi prima di essere autorizzata. Quando questa opzione è abilitata l'utente è trattenuto fino a quando la transazione non é andato a buon fine. Se questo non è il caso in 30 secondi viene visualizzato un messaggio al cliente che spiega la situazione."
"Customweb_BNPMercanetCw::Inactive","Inattivo"
"Customweb_BNPMercanetCw::Incl. Tax","Incl. tasse"
"Customweb_BNPMercanetCw::Information","Informazione"
"Customweb_BNPMercanetCw::Invalid login or password.","Login o password non validi."
"Customweb_BNPMercanetCw::Invoice Items","Articoli fattura"
"Customweb_BNPMercanetCw::Invoice Settlement","Pagamento della fattura"
"Customweb_BNPMercanetCw::Invoice Totals","Totali della fattura"
"Customweb_BNPMercanetCw::Invoice settlement","Creazione della fattura"
"Customweb_BNPMercanetCw::Invoice was created successfully","La fattura é stato creata con successo."
"Customweb_BNPMercanetCw::Invoices","Fatture"
"Customweb_BNPMercanetCw::Is this plan active for this store.","Questo piano é attivo per questo negozio."
"Customweb_BNPMercanetCw::Issue Number","Numero Issue"
"Customweb_BNPMercanetCw::It is not possible to checkout in your country.","Non é possibile effettuare il checkout nel tuo paese."
"Customweb_BNPMercanetCw::Item","Articolo"
"Customweb_BNPMercanetCw::Items","Articoli"
"Customweb_BNPMercanetCw::Items Refunded","Articoli rimborsati"
"Customweb_BNPMercanetCw::JCB","JCB"
"Customweb_BNPMercanetCw::Live HMAC Key","Live HMAC Key"
"Customweb_BNPMercanetCw::Live Identifier (PBX_IDENTIFIANT)","Live Identifier (PBX_IDENTIFIANT)"
"Customweb_BNPMercanetCw::Live Key Version not configured.","Live Key Version non configurato."
"Customweb_BNPMercanetCw::Live Key not configured.","Live Key non configurato."
"Customweb_BNPMercanetCw::Live Merchant ID","Live Merchant ID"
"Customweb_BNPMercanetCw::Live Merchant ID not configured.","Live Merchant ID non configurato."
"Customweb_BNPMercanetCw::Live Mode","Live Mode"
"Customweb_BNPMercanetCw::Live Password","Live Password"
"Customweb_BNPMercanetCw::Live Rang (PBX_RANG)","Live Rang (PBX_RANG)"
"Customweb_BNPMercanetCw::Live Secret Key","Live Secret Key"
"Customweb_BNPMercanetCw::Live Secret Key Version","Live Version chiave segreta"
"Customweb_BNPMercanetCw::Live Site ID (PBX_SITE)","Live Site ID (PBX_SITE)"
"Customweb_BNPMercanetCw::Logging","Logging"
"Customweb_BNPMercanetCw::Login","Login"
"Customweb_BNPMercanetCw::Login & Register","Login & Registrati"
"Customweb_BNPMercanetCw::Login and password are required.","Login e password richiesti."
"Customweb_BNPMercanetCw::Maestro","Maestro"
"Customweb_BNPMercanetCw::Mail order/telephone order authorization","Autorizzazione degli ordini via eMail/telefono"
"Customweb_BNPMercanetCw::Manage Stores","Gestire negozi"
"Customweb_BNPMercanetCw::Manage BNP Paribas Mercanet Aliases","Gestisci gli alias BNP Paribas Mercanet"
"Customweb_BNPMercanetCw::MasterCard","Mastercard"
"Customweb_BNPMercanetCw::Max Card Per CustomerId","Max Card Per CustomerId"
"Customweb_BNPMercanetCw::Max CustomerId Per Card","Max CustomerId Per Carta"
"Customweb_BNPMercanetCw::Maximum Amount","Importo massimo"
"Customweb_BNPMercanetCw::Maximum Order Total","Totale massimo dell'ordine"
"Customweb_BNPMercanetCw::Maximum order amount for this plan.","Importo massimo dell'ordine per questo piano."
"Customweb_BNPMercanetCw::Message","Notifica"
"Customweb_BNPMercanetCw::Method Title","Titolo del metodo"
"Customweb_BNPMercanetCw::Minimum Amount","Importo minimo"
"Customweb_BNPMercanetCw::Minimum Order Total","Minimo per il totale dell'ordine"
"Customweb_BNPMercanetCw::Minimum order amount for this plan.","Importo minimo dell'ordine per questo piano."
"Customweb_BNPMercanetCw::Month","Mese"
"Customweb_BNPMercanetCw::Must be bigger than 0 and smaller than 100","Deve essere maggiore di 0 e minore di 100"
"Customweb_BNPMercanetCw::Must be bigger than 1 and smaller than 31","Deve essere maggiore di 1 e minore di 31"
"Customweb_BNPMercanetCw::Must be bigger than the minimum","Deve essere più grande del minimo"
"Customweb_BNPMercanetCw::Must been between 2 and 4","Deve essere tra 2 e 4"
"Customweb_BNPMercanetCw::Must not be negative","Non può essere negativo"
"Customweb_BNPMercanetCw::My BNP Paribas Mercanet Aliases","I miei Alias BNP Paribas Mercanet"
"Customweb_BNPMercanetCw::Name","Nome"
"Customweb_BNPMercanetCw::Name visible to the customer.","Nome visibile al cliente."
"Customweb_BNPMercanetCw::New Order","Nuovo ordine"
"Customweb_BNPMercanetCw::New Order Status","Nuovo stato dell'ordine"
"Customweb_BNPMercanetCw::New card","Nuova carta"
"Customweb_BNPMercanetCw::Next Update Execution Date","Data del prossimo aggiornamento"
"Customweb_BNPMercanetCw::No","No"
"Customweb_BNPMercanetCw::No Items","Nessun articolo"
"Customweb_BNPMercanetCw::No additional payment information available.","Nessuna informazione di pagamento supplementare."
"Customweb_BNPMercanetCw::No authorization method found for payment method !method.","Nessun metodo di autorizzazione trovato per il pagamento !method."
"Customweb_BNPMercanetCw::No button returned.","Nessun tasto fornito."
"Customweb_BNPMercanetCw::No refund possible.","Nessun rimborso possibile"
"Customweb_BNPMercanetCw::No response code returned","No response code returned"
"Customweb_BNPMercanetCw::No shipping method needed.","Nessun metodo di spedizione necessario."
"Customweb_BNPMercanetCw::No, use the dropdown.","No, use the dropdown."
"Customweb_BNPMercanetCw::Number of payments","Numero dei pagamenti"
"Customweb_BNPMercanetCw::Only an authorized transaction can be marked as finally declined.","Solo una transazione autorizzata può essere contrassegnata come Rifiutata."
"Customweb_BNPMercanetCw::Only an uncertain transaction can be marked as finally declined.","Solo una transazione incerta può essere contrassegnata  Rifiutata."
"Customweb_BNPMercanetCw::Only authorized transaction can be cancelled.","Solo le transazioni autorizzate possono essere cancellate."
"Customweb_BNPMercanetCw::Only authorized transaction can be captured.","Solo le transazioni autorizzate possono essere registrate."
"Customweb_BNPMercanetCw::Only authorized transaction can be refunded.","Solo transazioni autorizzate possono essere rimborsate."
"Customweb_BNPMercanetCw::Only captured transaction can be refunded.","Solo le transazioni registrate possono essere rimborsate."
"Customweb_BNPMercanetCw::Only on captured transaction the flag customer refusing to pay can be set.","E ' possibile impostare un flag per i clienti che non hanno pagato solo sulle transazioni registrate."
"Customweb_BNPMercanetCw::Operation Mode","Modalità di funzionamento"
"Customweb_BNPMercanetCw::Order #","Numero d'ordine"
"Customweb_BNPMercanetCw::Order Grand Total","Totale complessivo dell'ordine"
"Customweb_BNPMercanetCw::Order Information","Informazioni sull'ordine"
"Customweb_BNPMercanetCw::Order Prefix","Order Prefix"
"Customweb_BNPMercanetCw::Order Review","Controllo ordine"
"Customweb_BNPMercanetCw::Order Summary","Riassunto dell'ordine"
"Customweb_BNPMercanetCw::Order Total","Totale dell'ordine"
"Customweb_BNPMercanetCw::Order cancelled, because the customer was too long in the payment process of BNP Paribas Mercanet.","L'ordine é stato annullato perché il cliente é rimasto troppo a lungo nel processo di pagamento di BNP Paribas Mercanet."
"Customweb_BNPMercanetCw::Order was placed using %s","L'ordine é stato effettuato usando %s"
"Customweb_BNPMercanetCw::Orders","Ordini"
"Customweb_BNPMercanetCw::Orders with with payments that are longer pending than the specified timeout in minutes are cancelled automatically.","Gli ordini il cui pagamento é in sospeso da più tempo del timeout definito in minuti saranno annullati automaticamente. Per utilizzare questa funzione devi impostare Magento cron."
"Customweb_BNPMercanetCw::Paid Amount","Importo pagato"
"Customweb_BNPMercanetCw::Partial refund not possible. You may retry with the total transaction amount.","Rimborso parziale non possibile. Riprovare con l'importo totale della transazione."
"Customweb_BNPMercanetCw::Password","Password"
"Customweb_BNPMercanetCw::Password and password confirmation are not equal.","La password e la conferma della password non corrispondono."
"Customweb_BNPMercanetCw::Pay with ____paymentMethodName____","Paga con ____paymentMethodName____"
"Customweb_BNPMercanetCw::Payment","Pagamento"
"Customweb_BNPMercanetCw::Payment ID","Payment ID"
"Customweb_BNPMercanetCw::Payment Id","ID pagamento"
"Customweb_BNPMercanetCw::Payment Information","Informazioni sul pagamento"
"Customweb_BNPMercanetCw::Payment Method","Metodo di pagamento"
"Customweb_BNPMercanetCw::Payment Plan","Piano del pagamento"
"Customweb_BNPMercanetCw::Payment Plan selected, but not activated for this method.","Piano di pagamento selezionato, ma non attivato per questo metodo."
"Customweb_BNPMercanetCw::Payment Plans","Piani di pagamento"
"Customweb_BNPMercanetCw::Payment captured successfully.","Pagamento salvato con successo."
"Customweb_BNPMercanetCw::Payment could not be authorized. Cancelling order. Reason :","Il pagamento non potesse essere autorizzato. L'ordine sarà annullato. Motivo:"
"Customweb_BNPMercanetCw::Payment details can be entered after placing the order","I dettagli di pagamento possono essere inseriti dopo avere effettuato l'ordinato."
"Customweb_BNPMercanetCw::Payment from Applicable Countries","Payment from Applicable Countries"
"Customweb_BNPMercanetCw::Payment from Specific Countries","Payment from Specific Countries"
"Customweb_BNPMercanetCw::Payment from applicable countries","Pagamento da paesi applicabili"
"Customweb_BNPMercanetCw::Payment from specific countries","Pagamento da paesi specifici"
"Customweb_BNPMercanetCw::Payment is pending at BNPMercanetCw","Pagamento in sospeso in BNPMercanetCw."
"Customweb_BNPMercanetCw::Payment method description","Descrizione di metodo di pagamento"
"Customweb_BNPMercanetCw::Payment n-Fois","Payment n-Fois"
"Customweb_BNPMercanetCw::Payment plan not available for this amount.","Il piano di pagamento non é disponibile per questo importo."
"Customweb_BNPMercanetCw::Payment plan with errors selected. Please contact the merchant.","Piano di pagamento con errori selezionato. Contatta il rivenditore."
"Customweb_BNPMercanetCw::Payment with %s","Pagamento con %s"
"Customweb_BNPMercanetCw::Payment with BNP Paribas Mercanet","Pagamenti con ____ paymentServiceProviderName____"
"Customweb_BNPMercanetCw::Payments may be updated periodically (interval in minutes). To use this feature you have to setup magento cron","I pagamenti possono essere aggiornati automaticamente (intervallo in minuti) via API (se attivato). Per utilizzare questa funzione, il Magento Cron deve essere abilitato."
"Customweb_BNPMercanetCw::Pending","In sospeso"
"Customweb_BNPMercanetCw::Pending BNPMercanetCw","BNPMercanetCw in attesa"
"Customweb_BNPMercanetCw::Percentage of the order amount which is charged with the first payment. The residual amount is distributed equally among the remaining payments.","La percentuale dell'importo dell'ordine che deve essere addebitata al primo pagamento. La somma restante é distribuita in parti uguali durante i successivi pagamenti."
"Customweb_BNPMercanetCw::Period","Periodo"
"Customweb_BNPMercanetCw::Place Order","Fare un ordine"
"Customweb_BNPMercanetCw::Please agree to all the terms and conditions before placing the order.","Accetta i termine e le condizioni prima di fare un ordine."
"Customweb_BNPMercanetCw::Please check the entered CVC number.","Si prega di controllare il numero CVC inserito."
"Customweb_BNPMercanetCw::Please check the entered credit card number.","Si prega di controllare il numero di carta di credito inserito."
"Customweb_BNPMercanetCw::Please enter here the Bank Identifier Code (BIC).","Inserisci qui il codice di identificazione bancario (BIC)."
"Customweb_BNPMercanetCw::Please enter here the CVC code from your card. You find the code on the back of the card.","Inserisci qui il codice CVC che si trova sul retro della tua carta."
"Customweb_BNPMercanetCw::Please enter here the International Bank Account Number (IBAN).","Si prega di inserire l'IBAN (numero di conto bancario internazionale)."
"Customweb_BNPMercanetCw::Please enter here the account holder name on the card.","Si prega di inserire qui il nome del titolare del conto sulla carta."
"Customweb_BNPMercanetCw::Please enter here the account holder name.","Si prega di inserire qui il nome del titolare del conto."
"Customweb_BNPMercanetCw::Please enter here the account number of your bank account.","Si prega di inserire l'IBAN (numero di conto bancario internazionale)."
"Customweb_BNPMercanetCw::Please enter here the bank code of your bank.","Si prega di inserire il codice banca ."
"Customweb_BNPMercanetCw::Please enter here the card holder name on the card.","Inserire qui il nome del titolare della carta."
"Customweb_BNPMercanetCw::Please enter here the commercial number of your company.","Si prega di inserire il numero di iscrizione nel registro delle imprese."
"Customweb_BNPMercanetCw::Please enter here the name of the account owner.","Si prega di inserire il nome del titolare del conto."
"Customweb_BNPMercanetCw::Please enter here the number on your card.","Si prega di inserire il numero di carta di carta di credito."
"Customweb_BNPMercanetCw::Please enter here the sales tax number of your company.","Inserisci qui la partita IVA della tua azienda."
"Customweb_BNPMercanetCw::Please enter here your social security number.","Si prega di inserire il numero di sicurezza sociale."
"Customweb_BNPMercanetCw::Please enter the location of your bank.","Si prega di inserire la posizione della banca."
"Customweb_BNPMercanetCw::Please enter the name of your bank.","Si prega di inserire il nome della banca."
"Customweb_BNPMercanetCw::Please enter your IBAN number.","Inserisci il tuo numero IBAN."
"Customweb_BNPMercanetCw::Please enter your issue number, if there is no CVC code on your card.","Inserisci l'issue number, se non c'é alcun codice CVC sulla carta."
"Customweb_BNPMercanetCw::Please flash or disable the cache storage and retry. If this did not help, change the authorization method to PaymentPage and <a href=""%s"" target=""_blank"">contact sellxed</a>.","Svuota o disabilita la memoria cache e riprova. Se non dovesse aiutare, cambia il metodo di autorizzazione in PaymentPage and <a href=""%s"" target=""_blank"">contact sellxed</a>."
"Customweb_BNPMercanetCw::Please flash or disable the cache storage and retry. If this did not help, change the authorization method to PaymentPage and <a href=""%s"" target=""_blank"">contact sellxed</a>.', 'http://www.sellxed.com/en/support","Si prega di lampeggiare o disabilitare la memoria cache e riprovare. Se questo non ha aiutato, cambiare il metodo di autorizzazione per PaymentPage e <a href=""%s"" target=""_blank"">contattare sellXed</a>.', 'http://www.sellxed.com/en/support"
"Customweb_BNPMercanetCw::Please flush or disable the cache storage and retry. If this did not help, change the authorization method to PaymentPage and <a href=""%s"" target=""_blank"">contact sellxed</a>.","Svuota o disabilita la memoria cache e riprova. Se questo non aiuta, cambia il metodo di autorizzazione in PaymentPage e <a href=""%s"" target=""_blank"">contatta sellxed</a>."
"Customweb_BNPMercanetCw::Please log in below:","Log in"
"Customweb_BNPMercanetCw::Please select","Si prega di selezionare"
"Customweb_BNPMercanetCw::Please select a shipping method before sending the order.","Seleziona un metodo di spedizione prima di inviare l'ordine."
"Customweb_BNPMercanetCw::Please select the Bank Identifier Code (BIC) of your bank.","Seleziona il Bank Identifier Code (BIC) della  banca."
"Customweb_BNPMercanetCw::Please select the day of your birth.","Si prega di selezionare il giorno della tua nascita."
"Customweb_BNPMercanetCw::Please select the expiry month on your card.","Devi inserire il mese della scadenza della carta."
"Customweb_BNPMercanetCw::Please select the expiry year on your card.","Inserisci la data di scadenza della carta."
"Customweb_BNPMercanetCw::Please select the month of your birth.","Seleziona il mese di nascita."
"Customweb_BNPMercanetCw::Please select the the year of your birth.","Si prega di selezionare l'anno di nascita."
"Customweb_BNPMercanetCw::Please wait, processing your order...","Per favore attendi, elaborando il tuo ordine..."
"Customweb_BNPMercanetCw::Price","Prezzo"
"Customweb_BNPMercanetCw::Product","Prodotto"
"Customweb_BNPMercanetCw::Product Name","Nome del prodotto"
"Customweb_BNPMercanetCw::Purchase Point","Luogo di acquisto"
"Customweb_BNPMercanetCw::Qty","Quantità"
"Customweb_BNPMercanetCw::Recurring Payments","Pagamenti ricorrenti"
"Customweb_BNPMercanetCw::Refund Amount","Importo rimborsato"
"Customweb_BNPMercanetCw::Refund ID","ID rimborso"
"Customweb_BNPMercanetCw::Refund amount","Importo rimborsato"
"Customweb_BNPMercanetCw::Refund information","Informazione sul rimborso"
"Customweb_BNPMercanetCw::Refund status","Status rimborso"
"Customweb_BNPMercanetCw::Refunded Amount","Importo rimborsato"
"Customweb_BNPMercanetCw::Refunds","Crediti"
"Customweb_BNPMercanetCw::Refused Payments after uncertain","Pagamenti rifiutati dopo avere avuto uno status incerto."
"Customweb_BNPMercanetCw::Register","Registrarsi"
"Customweb_BNPMercanetCw::Register to Create an Account","Iscriviti per creare un account"
"Customweb_BNPMercanetCw::Register with us for future convenience:","Iscriviti per facilitare la tua prossima visita:"
"Customweb_BNPMercanetCw::Release Date","Data di rilascio"
"Customweb_BNPMercanetCw::Reset","Reset"
"Customweb_BNPMercanetCw::Response Code","Codice  di risposta"
"Customweb_BNPMercanetCw::Review","Revisione"
"Customweb_BNPMercanetCw::Risk Management","Gestione dei rischi"
"Customweb_BNPMercanetCw::Rounding Adjustment","Arrotondamenti"
"Customweb_BNPMercanetCw::Row Total","Totale riga"
"Customweb_BNPMercanetCw::SEPA Mandate ID","SEPA Mandate ID"
"Customweb_BNPMercanetCw::SKU:","SKU:"
"Customweb_BNPMercanetCw::Sales","Vendite"
"Customweb_BNPMercanetCw::Sales Tax Number","Numero tasse vendite"
"Customweb_BNPMercanetCw::Save","Salva"
"Customweb_BNPMercanetCw::Saved cards:","Carte salvate"
"Customweb_BNPMercanetCw::See order and shipping status","Controlla l'ordine e lo stato della spedizione"
"Customweb_BNPMercanetCw::Select Brand","Seleziona Marca"
"Customweb_BNPMercanetCw::Select Method","Seleziona metodo"
"Customweb_BNPMercanetCw::Select the authorization method to use for processing this payment method.","Seleziona il metodo di autorizzazione da utilizzare per l'elaborazione di questo metodo di pagamento."
"Customweb_BNPMercanetCw::Select the date of your birth.","Inserisci la data di nascita"
"Customweb_BNPMercanetCw::Select the date on which your card expires.","Seleziona la data di scadenza della carta."
"Customweb_BNPMercanetCw::Send Invoice Email","Invia la fattura per email"
"Customweb_BNPMercanetCw::Send amounts to BNP Paribas Mercanet in base currency.","Invia l'importo a BNP Paribas Mercanet  in base alla valuta."
"Customweb_BNPMercanetCw::Send amounts to BNP Paribas Mercanet in store's base currency.","Invia importo a BNP Paribas Mercanet  nella valuta base del negozio."
"Customweb_BNPMercanetCw::Send invoice email","Invia la fattura via email"
"Customweb_BNPMercanetCw::Send the invoice email automatically after invoice creation.","Invia la fattura automaticamente via email dopo averla creata."
"Customweb_BNPMercanetCw::Set direct capture after order. In this case your authoization will directly be captured on your customer's credit card","Per la 'Contabilizzazione diretta' l'importo viene contabilizzato direttamente dopo il pagamento completato. Per la 'Contabilizzazione ritardata' l'importo viene addebitato solo dopo un periodo di tempo definito da voi."
"Customweb_BNPMercanetCw::Set the sort order to show the external checkouts.","Impostare il criterio di ordine per visualizzare i checkout esterni."
"Customweb_BNPMercanetCw::Settlement after order","Creazione dopo l'ordine"
"Customweb_BNPMercanetCw::Setup","Setup"
"Customweb_BNPMercanetCw::Shipping & Handling","Shipping & Handling"
"Customweb_BNPMercanetCw::Shipping Address","Shipping Address"
"Customweb_BNPMercanetCw::Shipping Amount","Importo di spedizione"
"Customweb_BNPMercanetCw::Shipping Information","Informazioni di spedizione"
"Customweb_BNPMercanetCw::Shipping Method","Metodo di spedizione"
"Customweb_BNPMercanetCw::Shipping Methods","Metodi di spedizione"
"Customweb_BNPMercanetCw::Shipping Refund","Rimborso della spedizione"
"Customweb_BNPMercanetCw::Shop","Shop"
"Customweb_BNPMercanetCw::Short Installation Instructions:","Istruzioni per l'installazione breve:"
"Customweb_BNPMercanetCw::Should the amount be captured automatically after the order (direct) or should the amount only be reserved (deferred)?","Qualora l'importo venga addebitato automaticamente dopo l'ordine (diretta) o solo bloccato (ritardato)?"
"Customweb_BNPMercanetCw::Show","Mostra"
"Customweb_BNPMercanetCw::Show Account Selection","Mostra la selezione dell'account"
"Customweb_BNPMercanetCw::Show Further Settings and Information","Mostra ulteriori impostazioni e informazioni"
"Customweb_BNPMercanetCw::Show Image","Mostra immagine"
"Customweb_BNPMercanetCw::Show Payment Id","Mostra il Payment Id"
"Customweb_BNPMercanetCw::Show the payment id","Mostra il payment ID"
"Customweb_BNPMercanetCw::Show the payment id in the order information","Mostra il payment ID nell'informazione dell'ordine"
"Customweb_BNPMercanetCw::Show the payment image","Mostra l'immagine di pagamento"
"Customweb_BNPMercanetCw::Show the payment image on the checkout page","Mostra l'immagine di pagamento nella pagina di checkout"
"Customweb_BNPMercanetCw::Sign In","Log in"
"Customweb_BNPMercanetCw::Simility IP Card","Simility IP Card"
"Customweb_BNPMercanetCw::Simulation Mode","Modalità simulazione"
"Customweb_BNPMercanetCw::Single Payment","Pagamento singolo"
"Customweb_BNPMercanetCw::Social Security Number","Social Security Number"
"Customweb_BNPMercanetCw::Sort Order","Sort Order"
"Customweb_BNPMercanetCw::Status","Stato"
"Customweb_BNPMercanetCw::Store the payment details","Salvare i dati di pagamento"
"Customweb_BNPMercanetCw::Stored payment details","Dettagli di pagamento memorizzate"
"Customweb_BNPMercanetCw::Submit Order","Conferma l'ordine"
"Customweb_BNPMercanetCw::Submitting order information...","Invio informazioni sull'ordine ..."
"Customweb_BNPMercanetCw::Subtotal","Totale parziale"
"Customweb_BNPMercanetCw::Success","Successo"
"Customweb_BNPMercanetCw::Successful","Successo"
"Customweb_BNPMercanetCw::Successful Payments after uncertain","Pagamenti andati a buon fine dopo essere stati in uno status incerto"
"Customweb_BNPMercanetCw::Successful online refund of amount","Rimborso online dell'importo andato a buon fine."
"Customweb_BNPMercanetCw::Successful payment authorization.","Pagamento autorizzato con successo."
"Customweb_BNPMercanetCw::Successfull online refund of amount","Rimborso online dell'importo andato a buon fine."
"Customweb_BNPMercanetCw::Support","Supporto"
"Customweb_BNPMercanetCw::Systematic Authorization Card","Systematic Authorization Card"
"Customweb_BNPMercanetCw::Tax Amount","Importo Tassa"
"Customweb_BNPMercanetCw::Technical issue: This payment methods is not available at the moment.","Problema tecnico: Questo metodo di pagamento non é disponibile in questo momento."
"Customweb_BNPMercanetCw::Test Mode","Test Mode"
"Customweb_BNPMercanetCw::Test Transaction","Test per la transazione"
"Customweb_BNPMercanetCw::The HMAC key as defined in the live backoffice of BNP Paribas Mercanet. You may need generate the HMAC key. Please take a look at the manual how to do this.","The HMAC key as defined in the live backoffice of BNP Paribas Mercanet. You may need generate the HMAC key. Please take a look at the manual how to do this."
"Customweb_BNPMercanetCw::The SEPA mandate schema does not contain the tag '!tag'. This tag is required.","Lo schema mandato SEPA non contiene il tag '!tag' necessario."
"Customweb_BNPMercanetCw::The alias could not be found.","L'alias non é stato trovato."
"Customweb_BNPMercanetCw::The alias has been deleted.","L'alias é stato cancellato."
"Customweb_BNPMercanetCw::The alias transaction could not be conductet with error code: !code, and reason: !reason:","The alias transaction could not be conductet with error code: !code, and reason: !reason:"
"Customweb_BNPMercanetCw::The amount could not be verified.","The amount could not be verified."
"Customweb_BNPMercanetCw::The amount is too high.","La quantità é troppo alta."
"Customweb_BNPMercanetCw::The amount of !amount is authorized.","La quantità di !amount é autorizzata."
"Customweb_BNPMercanetCw::The amount of !amount is captured.","La quantità di !amount é registrata."
"Customweb_BNPMercanetCw::The authorisation is refused.","L'autorizzazione é stata rifiutata."
"Customweb_BNPMercanetCw::The authorization method '!method' is not supported.","Il metodo autorizzazione '!method' non é supportato."
"Customweb_BNPMercanetCw::The authorization was not successful","The authorization was not successful"
"Customweb_BNPMercanetCw::The brand of the credit card is detected by the card number if hidden authorization is used. If the payment page is used, the user has to select the brand. The allowed credit card brands can be restricted by this setting.","The brand of the credit card is detected by the card number if hidden authorization is used. If the payment page is used, the user has to select the brand. The allowed credit card brands can be restricted by this setting."
"Customweb_BNPMercanetCw::The brand with external name '!key' was not present in the map.","Il marchio con il nome esterno '!key' non era presente nella mappa."
"Customweb_BNPMercanetCw::The brand with key '!key' was not found in the card information map.","Il marchio con la chiave !key' non é stata trovata nella mappa dati della carta."
"Customweb_BNPMercanetCw::The calculated and returned seal do not match.","Il seal calcolato e quello rinviato non corrispondono."
"Customweb_BNPMercanetCw::The calculated and the returned seal do not match.","Il seal calcolato e quello rinviato non corrispondono."
"Customweb_BNPMercanetCw::The cancellation could not be conducted. Error code: !error.","The cancellation could not be conducted. Error code: !error."
"Customweb_BNPMercanetCw::The capture amount (!captureAmount) cannot be greater than the authorized amount (!authorizedAmount).","La quantità da registrare (!captureAmount) non può essere superiore all'importo autorizzato (!authorizedAmount)."
"Customweb_BNPMercanetCw::The capture delay indicates how many day the transaction capture is delayed after the authorization.","The capture delay indicates how many day the transaction capture is delayed after the authorization."
"Customweb_BNPMercanetCw::The capture delay indicates how many days the transaction capture is delayed after the authorization.","Il ritardo della registrazione indica quanti giorni la registrazione della transazione é posticipata in seguito all'autorizzazione."
"Customweb_BNPMercanetCw::The capture item with SKU '@sku' has a higher amount (@amountItem) as the original item (@amountOriginal).","Il prodotto registrato con SKU '@sku' a una quantità (@amountItem) superiore rispetto al prodotto originale (@amountOriginal)."
"Customweb_BNPMercanetCw::The capture item with SKU '@sku' is not present in the original order.","Il prodotto registrato con SKU '@sku' non é presente nell'ordine originale."
"Customweb_BNPMercanetCw::The capturing could not be conducted. Error code: !error.","The capturing could not be conducted. Error code: !error."
"Customweb_BNPMercanetCw::The card brand selection is automatically done depending on the entered card number. If no Javascript is active in the browser, a drop down is shown. In case JavaScript a the brand logos can be shown. Should the brand selection using images?","The card brand selection is automatically done depending on the entered card number. If no Javascript is active in the browser, a drop down is shown. In case JavaScript a the brand logos can be shown. Should the brand selection using images?"
"Customweb_BNPMercanetCw::The configuration has been saved.","La configurazione é stata salvata."
"Customweb_BNPMercanetCw::The controller class '@controller' does not provide any method with annotation 'Customweb_Payment_Endpoint_Annotation_ExtractionMethod' and valid output.","La classe del controllore '@controller' non fornisce alcun metodo con annotazione 'Customweb_Payment_Endpoint_Annotation_ExtractionMethod'   e un valido output."
"Customweb_BNPMercanetCw::The customer does not finish the payment with in the timeout.","Il cliente non completa il pagamento entro il tempo stabilito."
"Customweb_BNPMercanetCw::The date of birth is required.","È richiesta la data di nascita."
"Customweb_BNPMercanetCw::The defined capture delay is not valid. It must be a positive integer.","The defined capture delay is not valid. It must be a positive integer."
"Customweb_BNPMercanetCw::The expiry date is invalid or the card is expired.","La data di scadenza non é valida o la carta é scaduta."
"Customweb_BNPMercanetCw::The gender is required.","Il sesso deve essere specificato."
"Customweb_BNPMercanetCw::The given CVC code has the wrong length.","Il dato codice CVC ha la lunghezza sbagliata."
"Customweb_BNPMercanetCw::The given card number has an invalid check sum.","Il numero della carta fornito ha un checksum non valido."
"Customweb_BNPMercanetCw::The given card number has an invalid length.","Il numero della carta fornito ha una lunghezza non valida."
"Customweb_BNPMercanetCw::The given hmac key is empty.","The given hmac key is empty."
"Customweb_BNPMercanetCw::The given identifier is empty.","The given identifier is empty."
"Customweb_BNPMercanetCw::The given password is empty.","The given password is empty."
"Customweb_BNPMercanetCw::The given rang is empty. It must be a nummeric value with length of two.","The given rang is empty. It must be a nummeric value with length of two."
"Customweb_BNPMercanetCw::The given rang is invalid. It must be a nummeric value with length of two.","The given rang is invalid. It must be a nummeric value with length of two."
"Customweb_BNPMercanetCw::The given site number is empty.","The given site number is empty."
"Customweb_BNPMercanetCw::The identifier as defined in the backoffice of BNP Paribas Mercanet.","The identifier as defined in the backoffice of BNP Paribas Mercanet."
"Customweb_BNPMercanetCw::The invoice could not be captured and processed by","Il conto non può essere contabilizzato o trattato da BNP Paribas Mercanet."
"Customweb_BNPMercanetCw::The invoice could not be captured and processed. Reason:","La fattura non può essere registrata e processata. Causa:"
"Customweb_BNPMercanetCw::The invoice could not be found.","La fattura non é stato trovata."
"Customweb_BNPMercanetCw::The invoice has been changed.","La fattura é stata cambiata."
"Customweb_BNPMercanetCw::The invoice no longer exists.","La fattura non esiste più."
"Customweb_BNPMercanetCw::The layout does not contain the tag '!layout_tag'.","Il layout non contiene il tag '!layout_tag'."
"Customweb_BNPMercanetCw::The next update execution date indicates when the next cron is run to update the transaction state.","La data del prossimo aggiornamento indica quando il prossimo cron é lanciato per aggiornare lo stato della transazione."
"Customweb_BNPMercanetCw::The notification contains no 'Data' field.","La notifica non contiene il campo 'Data'."
"Customweb_BNPMercanetCw::The notification contains no 'Seal' field.","La notifica non contiene il campo 'Seal'."
"Customweb_BNPMercanetCw::The notification contains no 'responseCode'.","La notifica non contiene 'responseCode'."
"Customweb_BNPMercanetCw::The number of attempts to enter the card number exceeded.","Il numero di tentativi concessi per immettere il numero della carta é stato superato."
"Customweb_BNPMercanetCw::The operation can not be performed. The transaction status does not allow this transaction or the operation is currenlty not possible.","L'operazione non può essere eseguita. Lo stato della transazione non consente questa operazione o l'operazione non é attualmente possibile."
"Customweb_BNPMercanetCw::The operation was rejected by an unkown error.","L'operazione é stata respinta a causa di un errore sconosciuto."
"Customweb_BNPMercanetCw::The order is not fully completed. Please contact the store owner.","Il pagamento non ha potuto andare a buon fine."
"Customweb_BNPMercanetCw::The parameters ""3DSIGNVAL"" was false.","The parameters ""3DSIGNVAL"" was false."
"Customweb_BNPMercanetCw::The payment form will be displayed after submitting the order.","Il formulario di pagamento sarà mostrato dopo aver effettuato l'ordine."
"Customweb_BNPMercanetCw::The payment has been accepted.","Il pagamento é stato accettato."
"Customweb_BNPMercanetCw::The payment has been denied.","Il pagamento é stato rifiutato."
"Customweb_BNPMercanetCw::The payment method !paymentMethodName does not support the currency '!currency'.","ll metodo di pagamento !paymentMethodName non supporta la moneta '!currency'."
"Customweb_BNPMercanetCw::The payment method !paymentMethodName is not available in your country ('!country').","Il metodo di pagamento !paymentMethodName non è disponibile nel tuo paese ('!country')."
"Customweb_BNPMercanetCw::The payment method name '!name' could not be mapped to a payment method class.","Il nome del metodo di pagamento '!name' non poteva essere associato a una classe del metodo di pagamento."
"Customweb_BNPMercanetCw::The payment update has been made.","L'aggiornamento del pagamento é stato fatto."
"Customweb_BNPMercanetCw::The provided bank details or the provided CVC is invlaid.","Le coordinate bancarie di previdenza per il previsto CVC non é valido."
"Customweb_BNPMercanetCw::The provided signature does not match with the one calculated.","La firma fornita non corrisponde a quella calcolata."
"Customweb_BNPMercanetCw::The rang (PBX_RANG) as defined in the live backoffice of BNP Paribas Mercanet. It must be nummeric value with length two. In the backoffice it may be displayed as a three char value. You must truncate the first digit.","The rang (PBX_RANG) as defined in the live backoffice of BNP Paribas Mercanet. It must be nummeric value with length two. In the backoffice it may be displayed as a three char value. You must truncate the first digit."
"Customweb_BNPMercanetCw::The refund item with SKU '@sku' has a higher amount (@amountItem) as the original item (@amountOriginal).","Il prodotto rimborsato con SKU '@sku' ha una quantità (@amountItem) superiore rispetto al prodotto originale (@amountOriginal)."
"Customweb_BNPMercanetCw::The refund item with SKU '@sku' is not present in the original order.","Il prodotto rimborsato con SKU '@sku' non é presente nell'ordine originale."
"Customweb_BNPMercanetCw::The refunding could not be conducted. Error code: !error.","The refunding could not be conducted. Error code: !error."
"Customweb_BNPMercanetCw::The reqeust is refused because it was treated as fraud.","L richiesta é rifiutata perché é stata trattata come frode."
"Customweb_BNPMercanetCw::The request failed because of invalid format in some field.","La richiesta non é andata a buon fine a causa di un formato non valido in qualche campo."
"Customweb_BNPMercanetCw::The request failed because of invalid parameters in the reqeust.","La richiesta non é andata a buon fine a causa di parametri non validi nella richiesta."
"Customweb_BNPMercanetCw::The response code returned by ____paymentServiceProvider____ after the authorization.","Il codice di risposta dato da ____paymentServiceProvider____  dopo l'autorizzazione."
"Customweb_BNPMercanetCw::The returned response code is '!code'.","Il codice di risposta é '!code'."
"Customweb_BNPMercanetCw::The security rules are not observed, hence the transaction is stopped.","Le norme di sicurezza non vengono rispettate, quindi la transazione viene arrestata."
"Customweb_BNPMercanetCw::The service is temporarily unavailable.","Il servizio non é temporaneamente disponibile."
"Customweb_BNPMercanetCw::The shopping cart has been altered!","Il carrello é stato modificato!"
"Customweb_BNPMercanetCw::The signature could not be verified.","The signature could not be verified."
"Customweb_BNPMercanetCw::The site id (PBX_RANG) as defined in the backoffice of BNP Paribas Mercanet.","The site id (PBX_RANG) as defined in the backoffice of BNP Paribas Mercanet."
"Customweb_BNPMercanetCw::The time between two payments in days.","Il tempo tra i due pagamenti in giorni."
"Customweb_BNPMercanetCw::The timeframe is exceeded, hence the transaction is refused.","Il lasso di tempo viene superato, quindi, la transazione viene rifiutata."
"Customweb_BNPMercanetCw::The total number of payments (2-4).","Numero totale dei pagamenti (2-4)."
"Customweb_BNPMercanetCw::The total refund amount (!totalRefundedAmount) cannot be greater than the captured amount (!capturedAmount).","L'importo totale rimborsato (!totalRefundedAmount) non può essere superiore all'importo acquisito (!capturedAmount)."
"Customweb_BNPMercanetCw::The transaction cannot be cancelled online.","Impossibile cancellare la transazione online."
"Customweb_BNPMercanetCw::The transaction cannot be captured online.","Impossibile registrare la transazione online."
"Customweb_BNPMercanetCw::The transaction cannot be refunded online.","Impossibile rimborsare la transazione online."
"Customweb_BNPMercanetCw::The transaction failed with error code !code.","The transaction failed with error code !code."
"Customweb_BNPMercanetCw::The transaction is a duplicated of an other transaction. Therefore it is refused.","L'operazione é un duplicato di un'altra transazione. Pertanto é stata respinta."
"Customweb_BNPMercanetCw::The transaction is only executed in the test system. The goods should not be delivered.","La transazione viene eseguita solo nel sistema di test. Le merci non devono essere consegnate."
"Customweb_BNPMercanetCw::The transaction is pending.","L'operazione é in corso."
"Customweb_BNPMercanetCw::The transaction reference was not found in the remote system.","Il riferimento transazione non é stato trovato nel sistema remoto."
"Customweb_BNPMercanetCw::The transaction update feature is not active on this account","La funzione di aggiornamento della transazione non è attiva su questo account"
"Customweb_BNPMercanetCw::The transaction was canceld by the customer.","L'operazione é stata annullata dall'utente."
"Customweb_BNPMercanetCw::The validation time indicates how many days the authorization is valid. It has to be captured in this time period","Il tempo di conferma indica per quanti giorni é valida l'autorizzazione. Deve essere acquisita in questo lasso di tempo."
"Customweb_BNPMercanetCw::The whole transaction is cancelled.","L'intera transazione é stata annullata."
"Customweb_BNPMercanetCw::There has been a problem during the processing of your payment.","C'é stato un problema durante l'elaborazione del tuo pagamento."
"Customweb_BNPMercanetCw::There has been a problem during the processing of your payment. Please contact the shop owner to make sure your order was placed successfully.","Si é verificato un problema durante l'elaborazione del pagamento. Si prega di contattare il proprietario del negozio per assicurarsi che il vostro ordine sia stato effettuato con successo."
"Customweb_BNPMercanetCw::There is a problem with your license. Please contact us (www.sellxed.com/support). Reason: %1","Si é verificato un problema con la tua licenza. Ti preghiamo di contattarci (www.sellxed.com/support). Reason: %1"
"Customweb_BNPMercanetCw::There is a problem with your license. Please contact us (www.sellxed.com/support). Reason: %s","C'é un problema con la tua licenza. Contattaci (www.sellxed.com/support). Causa : %s"
"Customweb_BNPMercanetCw::There is already a customer registered using this email address. Please login using this email address or enter a different email address to register your account.","Questo indirizzo email é già registrato. Effettua il login o inserisci un nuovo indirizzo email per creare un account."
"Customweb_BNPMercanetCw::There seems to be a problem with the BNP Paribas Mercanet module.","Sembra esserci un problema con il modulo BNP Paribas Mercanet."
"Customweb_BNPMercanetCw::There was an error validating the login and password.","C'è stato un errore durante la convalida del login e password."
"Customweb_BNPMercanetCw::This account is not confirmed. <a href=""%s"">Click here</a> to resend confirmation email.","Questo account non é confermato. <a href=""%s"">Clicca qui</a> per rimandare l'email di conferma."
"Customweb_BNPMercanetCw::This is a brief installation instruction of the main and most important installation steps. It is important that you strictly follow the check-list. Only by doing so, the secure usage in correspondence with all security regulations can be guaranteed.","Questa è una descrizione dei principali step dell'installazione. Si prega di seguire rigorosamente la check-list. Solo in questo modo si può garantire un uso sicuro e regolato di tutte le norme di sicurezza."
"Customweb_BNPMercanetCw::This operation is not activated on your merchant account.","Questa operazione non é attivata sul tuo account commerciante."
"Customweb_BNPMercanetCw::This option defines how many days the transaction remains open after authorization. A value of 0 means that the authorization is captured as soon as possible. If you disable this function, you have to manually capture the transaction before it expires We recommend you to define a cron job in your shop especially if the capture delay is greater than 0 in order to automatically update the transaction status. How this can be done is described in the latest version of the integration manual. Please check with BNP Paribas Mercanet which delay is possible and what implication a delay may have.","Questa opzione definisce quanti giorni la transazione deve rimanere aperta dopo l'autorizzazione. 0 indica che la registrazione deve essere effettuata il prima possibile. Se questa opzione viene disabilitata, devi registrare manualmente la transazione prima che scada. Raccomandiamo di definire un lavoro cron nel tuo negozio specialmente se il ritardo di registrazione é superiore a 0 per poter aggiornare automaticamente lo stato della transazione. Puoi trovare le istruzioni nell'ultima versione del manuale di integrazione. Si prega di controllare con BNP Paribas Mercanet quale ritardo sia possibile e che implicazioni possa avere il ritardo."
"Customweb_BNPMercanetCw::This option defines how many days the transaction remains open after authorization. A value of 0 means that the authorization is captured as soon as possible. We recommend you to define a cron job in your shop especially if the capture delay is greater than 0 in order to automatically update the transaction status. How this can be done is described in the latest version of the integration manual. Please check with BNP Paribas Mercanet which delay is possible and what implication a delay may have.","This option defines how many days the transaction remains open after authorization. A value of 0 means that the authorization is captured as soon as possible. We recommend you to define a cron job in your shop especially if the capture delay is greater than 0 in order to automatically update the transaction status. How this can be done is described in the latest version of the integration manual. Please check with BNP Paribas Mercanet which delay is possible and what implication a delay may have."
"Customweb_BNPMercanetCw::This password is used for recurring payments and for the alias manager as well as for the server authorization. This is the password of the BNP Paribas Mercanet account.","This password is used for recurring payments and for the alias manager as well as for the server authorization. This is the password of the BNP Paribas Mercanet account."
"Customweb_BNPMercanetCw::This setting can be used to activate resp. deactivate the 3D secure check. Please check with PayBox if you are allowed to deactivate the 3D secure check. This setting has only an effect when you use the payment page.","This setting can be used to activate resp. deactivate the 3D secure check. Please check with PayBox if you are allowed to deactivate the 3D secure check. This setting has only an effect when you use the payment page."
"Customweb_BNPMercanetCw::This status is set, when the payment was successfull and it is authorized.","Questo status é selezionato quando il pagamento ha avuto esito positivo ed è autorizzato."
"Customweb_BNPMercanetCw::This transaction is already closed for further captures.","Questa transazione é già chiusa."
"Customweb_BNPMercanetCw::This transaction is already closed for further refunds.","Questa transazione é stata chiusa e non sono più possibili rimborsi."
"Customweb_BNPMercanetCw::This transaction is not in a valid state to be captured","Questa transazione non é in uno stato valido per essere registrata."
"Customweb_BNPMercanetCw::This transaction no longer exists.","La transazione non esiste più."
"Customweb_BNPMercanetCw::Timeout for pending payments (min)","Timeout per i pagamenti in sospeso"
"Customweb_BNPMercanetCw::Titel","Titolo"
"Customweb_BNPMercanetCw::Title","Title"
"Customweb_BNPMercanetCw::Title of the payment method","Nome del metodo di pagamento"
"Customweb_BNPMercanetCw::Total","Totale"
"Customweb_BNPMercanetCw::Total Shipping Charges","Totale spese di trasporto"
"Customweb_BNPMercanetCw::Track order history","Traccia lo storico dell'ordine"
"Customweb_BNPMercanetCw::Transaction","tbcl_bnpmercanetcw_transaction_view"
"Customweb_BNPMercanetCw::Transaction Authorized","Transazione autorizzata"
"Customweb_BNPMercanetCw::Transaction Cancelled","Transazione annullata"
"Customweb_BNPMercanetCw::Transaction Captured","Transazione registrata"
"Customweb_BNPMercanetCw::Transaction History","Storico della transazione"
"Customweb_BNPMercanetCw::Transaction Id","Transaction ID"
"Customweb_BNPMercanetCw::Transaction Paid","La transazione é stata pagata"
"Customweb_BNPMercanetCw::Transaction Reference Prefix","Prefisso della transazione di referenza"
"Customweb_BNPMercanetCw::Transaction Uncertain","Transazione incerta"
"Customweb_BNPMercanetCw::Transaction Updates","Transaction Updates"
"Customweb_BNPMercanetCw::Transaction cancelled successfully","La transazione é stata annullata con successo."
"Customweb_BNPMercanetCw::Transaction captured successfully","Transazione registrata con successo"
"Customweb_BNPMercanetCw::Transaction history","Sintesi delle transazioni"
"Customweb_BNPMercanetCw::Transaction was authorized over the deferred authorization mechanism.","La transazione é stata autorizzata con il meccanismo di autorizzazione differita."
"Customweb_BNPMercanetCw::Transactions","Transazioni"
"Customweb_BNPMercanetCw::Unable to decode the server response.","In grado di decodificare la risposta del server."
"Customweb_BNPMercanetCw::Unable to save the invoice.","Impossibile salvare la fattura."
"Customweb_BNPMercanetCw::Uncertain Status","Status incerto"
"Customweb_BNPMercanetCw::Uncertain transactions","Transazioni incerte"
"Customweb_BNPMercanetCw::Update","Aggiornamento"
"Customweb_BNPMercanetCw::Update Qty's","Regolare la quantità"
"Customweb_BNPMercanetCw::Update interval for payments","Intervallo di aggiornamento per i pagamenti"
"Customweb_BNPMercanetCw::Use Base Currency","Usa valuta di base"
"Customweb_BNPMercanetCw::Use Default","Usare le impostazioni standard"
"Customweb_BNPMercanetCw::Use base currency","Usa la valuta di base"
"Customweb_BNPMercanetCw::V PAY","V PAY"
"Customweb_BNPMercanetCw::VISA","Visa"
"Customweb_BNPMercanetCw::VISA Electron","VISA Electron"
"Customweb_BNPMercanetCw::Validation","Validazione"
"Customweb_BNPMercanetCw::Validation Time","Tempo di convalida"
"Customweb_BNPMercanetCw::Velocity Card","Velocity Card"
"Customweb_BNPMercanetCw::Velocity Customer Id","Se un totale dell'ordine è inferiore al valore specificato, verrà elaborato senza il controllo Velocity Customer Id."
"Customweb_BNPMercanetCw::Velocity IP","Velocity IP"
"Customweb_BNPMercanetCw::Version","Versione"
"Customweb_BNPMercanetCw::View","Visualizza"
"Customweb_BNPMercanetCw::Visa Electron","VISA Electron"
"Customweb_BNPMercanetCw::Wait On Success Page","Aspetta sulla pagina di successo"
"Customweb_BNPMercanetCw::We cannot get the transaction instance.","Non possiamo stabilire una transazione."
"Customweb_BNPMercanetCw::We experienced a problem with your sellxed payment extension. For more information, please visit the configuration page of the plugin.","Si é verificato un problema con l'estensione del tuo pagamento sellxed . Per maggiori informazioni, si prega di visitare la pagina di configurazione del BNP Paribas Mercanet plugin."
"Customweb_BNPMercanetCw::When the store is not available (network outage, server failure or any other outage), when the feedback of BNP Paribas Mercanet is sent, then the transaction state is not updated. Hence no order confirmation e-mail is sent and the order is not in the paid state. By activating the transaction update, such transactions can be authorized later over direct link. To use this feature the update service must be activated and the API username and the API password must be set.","When the store is not available (network outage, server failure or any other outage), when the feedback of BNP Paribas Mercanet is sent, then the transaction state is not updated. Hence no order confirmation e-mail is sent and the order is not in the paid state. By activating the transaction update, such transactions can be authorized later over direct link. To use this feature the update service must be activated and the API username and the API password must be set."
"Customweb_BNPMercanetCw::When using an external checkout, the customer can either be asked to chose an option to authenticate (as guest, register or login) or he can always be checked out as guest. For the second option to work, guest checkout has to be enabled in magento.","Quando si utilizza un checkout esterno, può essere chiesto al cliente di scegliere l'opzione di autenticazione (come ospite, registrato o login) oppure può sempre fare il checkout come ospite. Affinché  la seconda opzione funzioni, il checkout come ospite deve essere abilitato in Magento."
"Customweb_BNPMercanetCw::White Card","Se un totale dell'ordine è inferiore al valore specificato, verrà elaborato senza il controllo White Card."
"Customweb_BNPMercanetCw::Year","Anno"
"Customweb_BNPMercanetCw::Yes","Si"
"Customweb_BNPMercanetCw::Yes, use images for the brand selection.","Yes, use images for the brand selection."
"Customweb_BNPMercanetCw::You can allow the customers to manage/delete their aliases in the their account.","Puoi permettere ai clienti di gestire/eliminare il loro alias nel loro account."
"Customweb_BNPMercanetCw::You can decide on the order status new orders should have after they are processed successfully.","Definire lo stato dell'ordine per i nuovi ordini, che sono stati trattati con successo."
"Customweb_BNPMercanetCw::You can decide on the order status new orders should have that have an uncertain authorization status.","Definire lo stato dell'ordine per i nuovi ordini che hanno uno status incerto."
"Customweb_BNPMercanetCw::You can restrict the usable cards for this payment method by this setting. Only the selected one can be used by the customer.","È possibile limitare le carti utilizzabili per questo metodo di pagamento in questa impostazione. Solo quelle selezionate potranno essere utilizzate dal cliente."
"Customweb_BNPMercanetCw::You can specify the order status for new orders that have an uncertain authorisation status.","E' possibile specificare lo stato dell'ordine per i nuovi ordini che hanno uno stato di autorizzazione incerto."
"Customweb_BNPMercanetCw::You can specify the order status for orders that are captured either directly after the order or manually in the backend.","È possibile specificare lo stato dell'ordine per gli ordini che vengono registrati subito dopo l'ordine o manualmente nel backend."
"Customweb_BNPMercanetCw::You can specify the order status for orders that are refused after being in a uncertain state.","È possibile specificare lo stato dell'ordine per ordini che sono stati rifiutati dopo aver avuto uno stato incerto."
"Customweb_BNPMercanetCw::You can specify the order status for orders that are successful after being in a uncertain state.","È possibile specificare lo stato dell'ordine per gli ordini che sono andati a buon fine dopo essere passati da uno stato incerto."
"Customweb_BNPMercanetCw::You can specify the order status when an order is cancelled.","È possibile specificare lo stato dell'ordine quando un ordine viene annullato."
"Customweb_BNPMercanetCw::You created the order.","Hai creato questo ordine."
"Customweb_BNPMercanetCw::You have an invalid distance selling contract.","Hai un contratto di vendita a distanza non valido."
"Customweb_BNPMercanetCw::You have no stored aliases.","Non hai nessun alias memorizzato."
"Customweb_BNPMercanetCw::You have to enter a card number.","SI prega di inserire il numero della carta di credito."
"Customweb_BNPMercanetCw::You have to enter bank code of your bank.","Si prega di inserire il codice delle tua banca"
"Customweb_BNPMercanetCw::You have to enter commercial number of you company.","Si prega di inserire il numero di iscrizione nel registro delle imprese."
"Customweb_BNPMercanetCw::You have to enter either the CVC code or the issue number of your card.","Si prega di inserire il codice CVC o il numero di emissione della carta."
"Customweb_BNPMercanetCw::You have to enter sales tax number of you company.","SI prega di inserire il numero di partita IVA."
"Customweb_BNPMercanetCw::You have to enter sales tax number of your company.","È necessario inserire il numero di imposta sulle vendite della tua azienda."
"Customweb_BNPMercanetCw::You have to enter the BIC.","Si prega di inserire il BIC della tua banca."
"Customweb_BNPMercanetCw::You have to enter the CVC code from your card.","Si prega di inserire il CVC della carta di credito."
"Customweb_BNPMercanetCw::You have to enter the IBAN.","Si prega di inserire il codice IBAN."
"Customweb_BNPMercanetCw::You have to enter the account holder name on the card.","Si prega di inserire il nome del titolare del conto come scritto sulla carta."
"Customweb_BNPMercanetCw::You have to enter the account holder name.","Si prega di inserire qui il nome del titolare del conto sulla carta."
"Customweb_BNPMercanetCw::You have to enter the card holder name on the card.","Si prega di inserire il nome del proprietario della carta."
"Customweb_BNPMercanetCw::You have to enter the location of your bank.","Si prega di inserire la posizione della banca."
"Customweb_BNPMercanetCw::You have to enter the name of the account owner.","Si prega di inserire il nome del titolare del conto."
"Customweb_BNPMercanetCw::You have to enter the name of your bank.","Si prega di indicare il nome della banca."
"Customweb_BNPMercanetCw::You have to enter your IBAN Number.","Si prega di inserire il codice IBAN."
"Customweb_BNPMercanetCw::You have to enter your bank account number.","Si prega di inserire l'IBAN (numero di conto bancario internazionale)."
"Customweb_BNPMercanetCw::You have to enter your social security number.","Si prega di inserire il numero di sicurezza sociale."
"Customweb_BNPMercanetCw::You may choose one of the cards you paid before on this site.","È possibile scegliere una delle schede usate in precedenza:"
"Customweb_BNPMercanetCw::You may choose one of your stored payment details.","È possibile scegliere uno dei tuoi dati di pagamento memorizzati."
"Customweb_BNPMercanetCw::You will be redirect to the order confirmation page.","Verrai reindirizzato alla pagina di conferma dell'ordine."
"Customweb_BNPMercanetCw::Your browser does not allow the execution of JavaScript. Please activate JavaScript in your browser and reload this page.","Il tuo browser non permette l'esecuzione di JavaScript. Si prega di attivare JavaScript nel tuo browser e ricarica questa pagina."
"Customweb_BNPMercanetCw::BNPMercanetCw Aliases","BNPMercanetCw Alias"
"Customweb_BNPMercanetCw::____paymentMethodName____","____paymentMethodName____"
"Customweb_BNPMercanetCw::BNP Paribas Mercanet Aliases","BNP Paribas Mercanet Aliases"
"Customweb_BNPMercanetCw::BNP Paribas Mercanet Error","Errore di BNP Paribas Mercanet"
"Customweb_BNPMercanetCw::BNP Paribas Mercanet Parameters","Impostazioni per BNP Paribas Mercanet"
"Customweb_BNPMercanetCw::BNP Paribas Mercanet Refund Items","Articoli rimborsati BNP Paribas Mercanet"
"Customweb_BNPMercanetCw::BNP Paribas Mercanet Section","Sezione BNP Paribas Mercanet"
"Customweb_BNPMercanetCw::BNP Paribas Mercanet Transactions","BNP Paribas Mercanet transazioni"
"Customweb_BNPMercanetCw::BNP Paribas Mercanet:","BNP Paribas Mercanet:"
"Customweb_BNPMercanetCw::BNP Paribas Mercanet: Alias Management","BNP Paribas Mercanet: Alias Management"
"Customweb_BNPMercanetCw::customweb ltd","customweb SRL"
"Customweb_BNPMercanetCw::no","no"
"Customweb_BNPMercanetCw::or","oppure"
"Customweb_BNPMercanetCw::yes","yes"
