"Customweb_BNPMercanetCw::* Required Fields","* Required Fields"
"Customweb_BNPMercanetCw::-- No Status Change --","-- No Status Change --"
"Customweb_BNPMercanetCw::0","0"
"Customweb_BNPMercanetCw::1","1"
"Customweb_BNPMercanetCw::10","10"
"Customweb_BNPMercanetCw::11","11"
"Customweb_BNPMercanetCw::12","12"
"Customweb_BNPMercanetCw::13","13"
"Customweb_BNPMercanetCw::14","14"
"Customweb_BNPMercanetCw::15","15"
"Customweb_BNPMercanetCw::16","16"
"Customweb_BNPMercanetCw::17","17"
"Customweb_BNPMercanetCw::18","18"
"Customweb_BNPMercanetCw::19","19"
"Customweb_BNPMercanetCw::2","2"
"Customweb_BNPMercanetCw::20","20"
"Customweb_BNPMercanetCw::21","21"
"Customweb_BNPMercanetCw::22","22"
"Customweb_BNPMercanetCw::23","23"
"Customweb_BNPMercanetCw::24","24"
"Customweb_BNPMercanetCw::25","25"
"Customweb_BNPMercanetCw::26","26"
"Customweb_BNPMercanetCw::27","27"
"Customweb_BNPMercanetCw::28","28"
"Customweb_BNPMercanetCw::29","29"
"Customweb_BNPMercanetCw::3","3"
"Customweb_BNPMercanetCw::30","30"
"Customweb_BNPMercanetCw::3D Secure","3D Secure"
"Customweb_BNPMercanetCw::3D Secure Authentication","3D Secure Authentication"
"Customweb_BNPMercanetCw::3D Secure Minimum amount","3D Secure Minimum amount"
"Customweb_BNPMercanetCw::3D Secure failed","3D Secure verification failed"
"Customweb_BNPMercanetCw::3D Secure sucess","3D Secure successfull"
"Customweb_BNPMercanetCw::4","4"
"Customweb_BNPMercanetCw::5","5"
"Customweb_BNPMercanetCw::6","6"
"Customweb_BNPMercanetCw::7","7"
"Customweb_BNPMercanetCw::8","8"
"Customweb_BNPMercanetCw::9","9"
"Customweb_BNPMercanetCw::<span class=""card-expiry-format-note"">The expected format is '!format' where the 'MM' means the month number and 'YY' the year number.</span>","<span class=""card-expiry-format-note"">The expected format is '!format' where the 'MM' means the month in two digits and 'YY' the year in two digits.</span>"
"Customweb_BNPMercanetCw::A authorized transaction cannot be authorized again.","An authorised transaction cannot be authorised again."
"Customweb_BNPMercanetCw::A authorized transaction cannot be marked as failed.","An authorised transaction cannot be marked as failed."
"Customweb_BNPMercanetCw::A cancelled transaction cannot be authorized.","A cancelled transaction cannot be authorised."
"Customweb_BNPMercanetCw::A cancelled transaction cannot be cancelled again.","A cancelled transaction cannot be cancelled again."
"Customweb_BNPMercanetCw::A cancelled transaction cannot be captured.","A cancelled transaction cannot be captured"
"Customweb_BNPMercanetCw::A cancelled transaction cannot be marked as failed.","A cancelled transaction cannot be marked as failed."
"Customweb_BNPMercanetCw::A cancelled transaction cannot be refunded.","A cancelled transaction cannot be refunded"
"Customweb_BNPMercanetCw::A captured transaction cannot be authorized.","A captured transaction cannot be authorised."
"Customweb_BNPMercanetCw::A captured transaction cannot be cancelled.","A captured transaction cannot be cancelled."
"Customweb_BNPMercanetCw::A captured transaction cannot be marked as failed.","A captured transaction cannot be marked as failed."
"Customweb_BNPMercanetCw::A failed authorization cannot be authorized.","A failed authorisation cannot be authorised."
"Customweb_BNPMercanetCw::A payment method may not available for customers from different counties. You can decide when this availability check should happen. We recommend to set it during authorization","Some payment methods are not be available for customers from certain counties. You can decide at what instant this availability check should happen. We recommend setting it to 'during authorisation'."
"Customweb_BNPMercanetCw::A refund was added over !amount.","A refund was added over !amount."
"Customweb_BNPMercanetCw::A transaction may be uncertain, when the payment is not guaranteed. For example in case the credit card does not participate in the 3D procedure.","A transaction may be uncertain, when the payment is not guaranteed. For example in the case that the credit card does not participate in the 3D Secure procedure."
"Customweb_BNPMercanetCw::About","About"
"Customweb_BNPMercanetCw::Account Holder Name","Account holder"
"Customweb_BNPMercanetCw::Account owner name.","Account holder"
"Customweb_BNPMercanetCw::Action","Action"
"Customweb_BNPMercanetCw::Actions","Actions"
"Customweb_BNPMercanetCw::Activate","Active"
"Customweb_BNPMercanetCw::Activate the payment method that you want to accept payments with.","Activate the payment method that you want to accept payments with."
"Customweb_BNPMercanetCw::Active","Active"
"Customweb_BNPMercanetCw::Additional Information","Additional Information"
"Customweb_BNPMercanetCw::Adjust Qty","Adjust Quantity"
"Customweb_BNPMercanetCw::Adjustment Discount","Adjustment Discount"
"Customweb_BNPMercanetCw::Adjustment Fee","Adjustment Fee"
"Customweb_BNPMercanetCw::After payment selection","After payment method selection"
"Customweb_BNPMercanetCw::Ajax authorization not supported.","Ajax authorization not supported"
"Customweb_BNPMercanetCw::Alias","Alias"
"Customweb_BNPMercanetCw::Alias For Display","Alias For Display"
"Customweb_BNPMercanetCw::All Customers","All Customers"
"Customweb_BNPMercanetCw::Allowed Currencies","Allowed currencies"
"Customweb_BNPMercanetCw::Allowed currencies for this payment method","Permitted currencies for this payment method"
"Customweb_BNPMercanetCw::Already registered?","Already registered?"
"Customweb_BNPMercanetCw::Always Checkout as Guest","Always Checkout as Guest"
"Customweb_BNPMercanetCw::American Express","American Express"
"Customweb_BNPMercanetCw::Amount","Amount"
"Customweb_BNPMercanetCw::Amount Incl. Tax","Amount Incl. Tax"
"Customweb_BNPMercanetCw::Are you sure you want to cancel this order?","Are you sure you want to cancel this order?"
"Customweb_BNPMercanetCw::Author","Author"
"Customweb_BNPMercanetCw::Authorisation request to be performed via telephone with the issuer, as the card authorisation threshold has been exceeded, if the forcing is authorised for the merchant.","Authorisation request to be performed via telephone with the issuer, as the card authorisation threshold has been exceeded, if the forcing is authorised for the merchant."
"Customweb_BNPMercanetCw::Authorization Amount","Authorisation Amount"
"Customweb_BNPMercanetCw::Authorization Failed","Authorisation failed"
"Customweb_BNPMercanetCw::Authorization Method","Authorisation Method"
"Customweb_BNPMercanetCw::Authorization is uncertain.","Authorisation is uncertain"
"Customweb_BNPMercanetCw::Authorized Status","Authorised status"
"Customweb_BNPMercanetCw::Await Notification","Await Notification"
"Customweb_BNPMercanetCw::Awaiting confirmation","Awaiting confirmation"
"Customweb_BNPMercanetCw::BIC","BIC"
"Customweb_BNPMercanetCw::Bad signature format.","False signature format."
"Customweb_BNPMercanetCw::Bank Location","Bank Location"
"Customweb_BNPMercanetCw::Bank Name","Bank Name"
"Customweb_BNPMercanetCw::Bank account number","Bank account number (IBAN)"
"Customweb_BNPMercanetCw::Bank code number","Bank code number"
"Customweb_BNPMercanetCw::Before payment selection","Before selection of the payment method"
"Customweb_BNPMercanetCw::Billing Address","Billing Address"
"Customweb_BNPMercanetCw::Billing Information","Billing information"
"Customweb_BNPMercanetCw::Billing address","Billing address"
"Customweb_BNPMercanetCw::Black Card","Black Card"
"Customweb_BNPMercanetCw::Brand Name","Brand Name"
"Customweb_BNPMercanetCw::By pass 3D secure","Bypass 3D secure"
"Customweb_BNPMercanetCw::By setting the capturing the reservation can be captured directly after the order or later manually over the backend of the store.","With the capture setting, the transaction can be captured directly after the order or later manually over the backend of the store."
"Customweb_BNPMercanetCw::CVC Code","CVC Code"
"Customweb_BNPMercanetCw::Can not be empty","Can not be empty"
"Customweb_BNPMercanetCw::Cancel","Cancel"
"Customweb_BNPMercanetCw::Cancel ID","Cancel ID"
"Customweb_BNPMercanetCw::Cancel pending orders when out of stock","Cancel pending orders when out of stock"
"Customweb_BNPMercanetCw::Cancel status","Cancel status"
"Customweb_BNPMercanetCw::Canceled BNPMercanetCw","Canceled BNPMercanetCw"
"Customweb_BNPMercanetCw::Canceling of this payment not possible!","Cancellation of this payment not possible!"
"Customweb_BNPMercanetCw::Cancelled Status","Cancelled status"
"Customweb_BNPMercanetCw::Cannot update item quantity.","Cannot update item quantity."
"Customweb_BNPMercanetCw::Capture Amount","Amount to capture"
"Customweb_BNPMercanetCw::Capture Delay","Capture Delay"
"Customweb_BNPMercanetCw::Capture ID","Capture ID"
"Customweb_BNPMercanetCw::Capture amount","Capture amount"
"Customweb_BNPMercanetCw::Capture information","Capture information"
"Customweb_BNPMercanetCw::Capture status","Capture status"
"Customweb_BNPMercanetCw::Capture: Don't Close","Capture: Don't close"
"Customweb_BNPMercanetCw::Captured Amount","Captured amount"
"Customweb_BNPMercanetCw::Captured Status","Captured status"
"Customweb_BNPMercanetCw::Captures","Captures"
"Customweb_BNPMercanetCw::Captures & Refunds","Captures & Refunds"
"Customweb_BNPMercanetCw::Capturing","Capturing"
"Customweb_BNPMercanetCw::Capturing Delay","Capture Delay"
"Customweb_BNPMercanetCw::Card Expiration","Expiry Date"
"Customweb_BNPMercanetCw::Card Holder Name","Card holder name"
"Customweb_BNPMercanetCw::Card Number","Card number"
"Customweb_BNPMercanetCw::Carrier Title","Carrier Title"
"Customweb_BNPMercanetCw::Check out faster","Check out faster"
"Customweb_BNPMercanetCw::Check to activate the external checkout.","Check to activate the external checkout."
"Customweb_BNPMercanetCw::Checkout","Checkout"
"Customweb_BNPMercanetCw::Checkout as Guest","Checkout as a guest"
"Customweb_BNPMercanetCw::Checkout as a Guest or Register","Checkout as a guest or register"
"Customweb_BNPMercanetCw::Checkout as a new customer","Checkout as a new customer"
"Customweb_BNPMercanetCw::Checkout using your account","Checkout using your account"
"Customweb_BNPMercanetCw::Choose settlement after order in case you want an invoice to be created with your oder. The state of the invoice will set according to your capture status","Choose settlement after order in case you want an invoice to be created with your order. The status of the invoice will be set according to your specified capture status."
"Customweb_BNPMercanetCw::Company Commercial Number","Company Commercial Number"
"Customweb_BNPMercanetCw::Confirm Password","Confirm Password"
"Customweb_BNPMercanetCw::Continue","Continue"
"Customweb_BNPMercanetCw::Corporate Card","Corporate Card"
"Customweb_BNPMercanetCw::Could not convert object of type '!type' to string.","Could not convert object of type '!type' to string."
"Customweb_BNPMercanetCw::Could not find a brand for the given card number.","Could not find a brand for the given card number."
"Customweb_BNPMercanetCw::Could not find pressed button.","Could not find pressed button."
"Customweb_BNPMercanetCw::Could not find template file at default location '!location'.","Could not find template file at default location '!location'."
"Customweb_BNPMercanetCw::Could not find the payment method !paymentMethodName.","Could not find the payment method !paymentMethodName."
"Customweb_BNPMercanetCw::Could not load layout from URL !url. Reason: !reason","Could not load layout from URL !url. Reason: !reason"
"Customweb_BNPMercanetCw::Create Account","Create Account"
"Customweb_BNPMercanetCw::Create New Order - Payment","Create New Order - Payment"
"Customweb_BNPMercanetCw::Create a recurring payment, with an existing alias is not supported","Creating a recurring payment with an existing alias is not supported."
"Customweb_BNPMercanetCw::Creating an account has many benefits:","Creating an account has many benefits:"
"Customweb_BNPMercanetCw::Creation Date","Creation Date"
"Customweb_BNPMercanetCw::Credit Card Brands","Credit Card Brands"
"Customweb_BNPMercanetCw::Credit Memo History","Credit Memo History"
"Customweb_BNPMercanetCw::Credit Memo Totals","Credit Memo Totals"
"Customweb_BNPMercanetCw::Credit memo's total must be positive.","Credit memo's total must be positive."
"Customweb_BNPMercanetCw::Currency","Currency"
"Customweb_BNPMercanetCw::Current Configuration Scope:","Current Configuration Scope:"
"Customweb_BNPMercanetCw::Customer Account","Customer account"
"Customweb_BNPMercanetCw::Customer Alias Management","Customer Alias Management"
"Customweb_BNPMercanetCw::Customer successfully returned from BNPMercanetCw","Customer successfully returned from BNPMercanetCw"
"Customweb_BNPMercanetCw::Customer successfully returned from BNP Paribas Mercanet","Customer successfully returned from the BNPMercanetCw payment page."
"Customweb_BNPMercanetCw::Customer sucessfully returned from the BNPMercanetCw payment page.","Customer successfully returned from the BNPMercanetCw payment page."
"Customweb_BNPMercanetCw::Customers","Customers"
"Customweb_BNPMercanetCw::Customweb","Customweb"
"Customweb_BNPMercanetCw::Date","Date"
"Customweb_BNPMercanetCw::Date of Birth","Date of birth"
"Customweb_BNPMercanetCw::Day","Day"
"Customweb_BNPMercanetCw::Deactivate","Deactivate"
"Customweb_BNPMercanetCw::Dear customer we have received your billing and shipping information. In order to finish your order please create an account below or checkout as guest.","Dear customer we have received your billing and shipping information. In order to finalize your order please create an account below or checkout as a guest."
"Customweb_BNPMercanetCw::Dear customer, it appears to us that your payment was successful, but we are still waiting for confirmation. You can wait on this page and we will redirect you after we received the confirmation. Or you can close this window and we will send out an order confirmation email.","Dear customer, it appears to us that your payment was successful, but we are still waiting for confirmation. You can wait on this page and we will redirect you after we received the confirmation. Or you can close this window and we will send out an order confirmation email."
"Customweb_BNPMercanetCw::Default Config","Default Configuration"
"Customweb_BNPMercanetCw::Deferred","Deferred"
"Customweb_BNPMercanetCw::Deferred (authorization)","Deferred (authorisation)"
"Customweb_BNPMercanetCw::Deferred capturing","Deferred capturing"
"Customweb_BNPMercanetCw::Deferred settlement","Deferred settlement"
"Customweb_BNPMercanetCw::Define a maximal order total for this checkout to be available.","Define a maximal order total for this checkout to be available."
"Customweb_BNPMercanetCw::Define a minimal order total for this checkout to be available.","Define a minimal order total for this checkout to be available."
"Customweb_BNPMercanetCw::Delayed","Deferred"
"Customweb_BNPMercanetCw::Delete","Delete"
"Customweb_BNPMercanetCw::Delivery address","Delivery address"
"Customweb_BNPMercanetCw::Description","Description"
"Customweb_BNPMercanetCw::Diners Club","Diners Club"
"Customweb_BNPMercanetCw::Direct Debits","Direct Debits (ELV)"
"Customweb_BNPMercanetCw::Direct E-Banking","Direct E-Banking"
"Customweb_BNPMercanetCw::Direct capture after order","Direct capturing"
"Customweb_BNPMercanetCw::Directly after order","Direct capturing"
"Customweb_BNPMercanetCw::Directly after order (sale)","Direct capturing"
"Customweb_BNPMercanetCw::Disabled","Deactivated"
"Customweb_BNPMercanetCw::Discount","Discount"
"Customweb_BNPMercanetCw::Discount Amount","Discount Amount"
"Customweb_BNPMercanetCw::Do not by pass 3D secure","Do not bypass 3D secure"
"Customweb_BNPMercanetCw::Don't change order status","Don't change order status"
"Customweb_BNPMercanetCw::During authorization","During the authorisation"
"Customweb_BNPMercanetCw::During the checkou a 3D secure authentication may be done. With this setting you can by control, if this authorization should be done or not. You may have a higher fraud ration without 3D secure.","During the checkout a 3D secure authentication may be done. With this setting you can by control, if this authorization should be done or not. You may have a higher fraud risk without 3D secure."
"Customweb_BNPMercanetCw::ECard","ECard"
"Customweb_BNPMercanetCw::Edit","Edit"
"Customweb_BNPMercanetCw::Edit Invoice %s","Edit Invoice %s"
"Customweb_BNPMercanetCw::Email Address","Email Address"
"Customweb_BNPMercanetCw::Empty version number field name","Empty version number field name"
"Customweb_BNPMercanetCw::Enable or disable logging.","Enable or disable logging."
"Customweb_BNPMercanetCw::Enable the configured payment plans for this method.","Enable the configured payment plans for this method."
"Customweb_BNPMercanetCw::Enable the payment method","Enable this payment method"
"Customweb_BNPMercanetCw::Enabled","Enabled"
"Customweb_BNPMercanetCw::Enter here the live merchant ID. This merchant ID is used only when the live operation mode is used.","Here you can enter the live merchant ID. This merchant ID is used only when the live operation mode is used."
"Customweb_BNPMercanetCw::Enter here the live secret key version. You can get the secret key version from the extranet. This secret key is used only when the live operation mode is used.","Here you can enter the live secret key version. You can get the secret key version from the extranet. This secret key is used only when the live operation mode is used."
"Customweb_BNPMercanetCw::Enter here the live secret key. You can get the secret key from the extranet. This secret key is used only when the live operation mode is used. The secret key is used to sign the request done to BNP Paribas Mercanet.","Here you can enter the live secret key. You can get the secret key from the extranet. This secret key is used only when the live operation mode is used. The secret key is used to sign the request done to BNP Paribas Mercanet."
"Customweb_BNPMercanetCw::Enter the Merchant ID that you find under <a href='https://mercanet-telechargement.bnpparibas.net'>https://mercanet-telechargement.bnpparibas.net</a> (Secret key on the right upper corner). The login details are provided by BNP Paribas Mercanet.","Enter the Merchant ID that you find under <a href='https://mercanet-telechargement.bnpparibas.net'>https://mercanet-telechargement.bnpparibas.net</a> (Secret key on the right upper corner). The login details are provided by BNP Paribas Mercanet."
"Customweb_BNPMercanetCw::Enter the date on which your card expires.","Enter the card expiry date."
"Customweb_BNPMercanetCw::Error connecting to BNP Paribas Mercanet. Reason: !message","Error connecting to BNP Paribas Mercanet. Reason: !message"
"Customweb_BNPMercanetCw::Error with the length of the validation date.","Error with the length of the validation date."
"Customweb_BNPMercanetCw::Excl. Tax","Excl. Tax"
"Customweb_BNPMercanetCw::Expiry Date","Expiry Date"
"Customweb_BNPMercanetCw::External Checkout","External Checkout"
"Customweb_BNPMercanetCw::External Checkout: Guest Checkout","External Checkout: Guest Checkout"
"Customweb_BNPMercanetCw::Failed","Failed"
"Customweb_BNPMercanetCw::Failed payment authorization.","The authorization failed."
"Customweb_BNPMercanetCw::Failed to send request to remote server. Expect to receive response code 200, receive code !code. Status Message: !message","Failed to send request to remote server. Expect to receive response code 200, receive code !code. Status Message: !message"
"Customweb_BNPMercanetCw::Figure !number:","Figure !number:"
"Customweb_BNPMercanetCw::First","First"
"Customweb_BNPMercanetCw::Foreign Bin Card","Foreign Bin Card"
"Customweb_BNPMercanetCw::Forgot Your Password?","Forgot Your Password?"
"Customweb_BNPMercanetCw::Forgot your password?","Forgot your password?"
"Customweb_BNPMercanetCw::Get Update","Get Update"
"Customweb_BNPMercanetCw::Grey Card","Grey Card"
"Customweb_BNPMercanetCw::Grey IP","Grey IP"
"Customweb_BNPMercanetCw::Here you can insert an order prefix. The prefix allows you to change the order number that is transmitted to Authorize.net. The prefix must contain the tag {id}. It will then be replaced by the order number (e.g. name_{id}).","Here you can insert an order prefix. The prefix allows you to change the order number that is transmitted to BNP Paribas Mercanet. The prefix must contain the tag {id}. It will then be replaced by the order number (e.g. name_{id})."
"Customweb_BNPMercanetCw::Here you can insert an transaction reference prefix. The prefix allows you to change the order number that is transmitted to BNP Paribas Mercanet. The prefix must contain the tag {id}. It will then be replaced by the order number (e.g. name_{id}).","Here you can insert an order prefix. The prefix allows you to change the order number that is transmitted to BNP Paribas Mercanet. The prefix must contain the tag {id}. It will then be replaced by the order number (e.g. name_{id})."
"Customweb_BNPMercanetCw::Hide","Hide"
"Customweb_BNPMercanetCw::IBAN","IBAN"
"Customweb_BNPMercanetCw::IBAN number","Bank account number (IBAN)"
"Customweb_BNPMercanetCw::IP Country","IP Country"
"Customweb_BNPMercanetCw::If a product is in stock only once and the payment of the customer ordering this product fails or is aborted, it won't be available until the order is canceled (see timeout option below). Enable this setting to cancel the customer's pending orders when he returns to the cart page and a product is not available anymore.","If a product is in stock only once and the payment of the customer ordering this product fails or is aborted, the item will be reserved until the payment is cancelled (see timeout option below). Activate this option if you do NOT wish to reserve the item in case of an aborted or failed payment. The order will then be cancelled immediately."
"Customweb_BNPMercanetCw::If a product is in stock only once and the payment of the customer ordering this product fails or is aborted, it won't be available until the order is canceled (see timeout option below). Enable this setting to cancel the customer's pending orders when he returns to the cart page and a product is not available anymore. Be careful though: If you enable this option, there is a chance that payments are made with the corresponding order being already canceled.","If a product is in stock only once and the payment of the customer ordering this product fails or is aborted, it won't be available until the order is canceled (see timeout option below). Enable this setting to cancel the customer's pending orders when he returns to the cart page and a product is not available anymore. Be careful though: If you enable this option, there is a chance that payments are made with the corresponding order already being canceled."
"Customweb_BNPMercanetCw::If an order total is below the specified amount, it will be processed without 3d Secure.","If an order total is below the specified amount, it will be processed without 3d Secure."
"Customweb_BNPMercanetCw::If an order total is below the specified amount, it will be processed without the Black Card check.","If an order total is below the specified amount, it will be processed without the Black Card check."
"Customweb_BNPMercanetCw::If an order total is below the specified amount, it will be processed without the Corporate Card check.","If an order total is below the specified amount, it will be processed without the Corporate Card check."
"Customweb_BNPMercanetCw::If an order total is below the specified amount, it will be processed without the ECard check.","If an order total is below the specified amount, it will be processed without the ECard check."
"Customweb_BNPMercanetCw::If an order total is below the specified amount, it will be processed without the Expiry Date check.","If an order total is below the specified amount, it will be processed without the Expiry Date check."
"Customweb_BNPMercanetCw::If an order total is below the specified amount, it will be processed without the Foreign Bin Card check.","If an order total is below the specified amount, it will be processed without the Foreign Bin Card check."
"Customweb_BNPMercanetCw::If an order total is below the specified amount, it will be processed without the Grey Card check.","If an order total is below the specified amount, it will be processed without the Grey Card check."
"Customweb_BNPMercanetCw::If an order total is below the specified amount, it will be processed without the Grey IP check.","If an order total is below the specified amount, it will be processed without the Grey IP check."
"Customweb_BNPMercanetCw::If an order total is below the specified amount, it will be processed without the IP Country check.","If an order total is below the specified amount, it will be processed without the IP Country check."
"Customweb_BNPMercanetCw::If an order total is below the specified amount, it will be processed without the Max Card Per CustomerId check.","If an order total is below the specified amount, it will be processed without the Max Card Per CustomerId check."
"Customweb_BNPMercanetCw::If an order total is below the specified amount, it will be processed without the Max CustomerId Per Card check.","If an order total is below the specified amount, it will be processed without the Max CustomerId Per Card check."
"Customweb_BNPMercanetCw::If an order total is below the specified amount, it will be processed without the Simility IP Card check.","If an order total is below the specified amount, it will be processed without the Simility IP Card check."
"Customweb_BNPMercanetCw::If an order total is below the specified amount, it will be processed without the Systematic Authorization Card check.","If an order total is below the specified amount, it will be processed without the Systematic Authorization Card check."
"Customweb_BNPMercanetCw::If an order total is below the specified amount, it will be processed without the Velocity Card check.","If an order total is below the specified amount, it will be processed without the Velocity Card check."
"Customweb_BNPMercanetCw::If an order total is below the specified amount, it will be processed without the Velocity Customer Id check.","If an order total is below the specified amount, it will be processed without the Velocity Customer Id check."
"Customweb_BNPMercanetCw::If an order total is below the specified amount, it will be processed without the Velocity IP check.","If an order total is below the specified amount, it will be processed without the Velocity IP check."
"Customweb_BNPMercanetCw::If an order total is below the specified amount, it will be processed without the White Card check.","If an order total is below the specified amount, it will be processed without the White Card check."
"Customweb_BNPMercanetCw::If it is not applicable leave the field empty.","If it is not applicable leave the field empty."
"Customweb_BNPMercanetCw::If the status is 'Pending' it is unclear whether the transaction will be cancelled successfully.","If the status is 'Pending' it is unclear whether the transaction will be cancelled successfully."
"Customweb_BNPMercanetCw::If the status is 'Pending' it is unclear whether the transaction will be captured successfully.","If the status is 'Pending' it is unclear whether the transaction will be captured successfully."
"Customweb_BNPMercanetCw::If the status is 'Pending' it is unclear whether the transaction will be refunded successfully.","If the status is 'Pending' it is unclear whether the transaction will be refunded successfully."
"Customweb_BNPMercanetCw::If the test mode is selected the test account is used. Otherwise the configured account is used.","If the test mode is selected the test account is used. Otherwise the configured account is used."
"Customweb_BNPMercanetCw::If you have any issues with the module please feel free to contact us. See our <a href='https://www.sellxed.com/en/support' target='_blank'>support page</a> for more information.","If you have any issues with the module please feel free to contact us. See our <a href='https://www.sellxed.com/en/support' target='_blank'>support page</a> for more information."
"Customweb_BNPMercanetCw::If you select this checkbox, the payment will be captured at the PSP and you can not add additional captures.","If you select this checkbox, the payment will be captured at the PSP and you can not add additional captures."
"Customweb_BNPMercanetCw::If you would like to use recurring payments, you need our magento module ""Customweb Subscription"". For further information go to <a href=""http://www.sellxed.com/shop/"" target=""_blank"">sellxed.com</a>.","If you would like to use recurring payments, you need our Magento module ""Customweb Subscription"". For further information go to <a href=""http://www.sellxed.com/shop/"" target=""_blank"">sellxed.com</a>."
"Customweb_BNPMercanetCw::Image Brand Selection","Image Brand Selection"
"Customweb_BNPMercanetCw::In simulation mode the general merchant ID on the simulation plattform is used. In simulation mode the test cards must be used. After you received the merchant ID you should switch to live mode.","In simulation mode the general merchant ID on the simulation plattform is used. In simulation mode the test cards have to be used. After you received the merchant ID you should switch to live mode."
"Customweb_BNPMercanetCw::In some cases it may take a few seconds until the transaction is successfully authorized. When this option is enabled, the notification is awaited.","In some cases it may take a few seconds until the transaction is successfully authorized. When this option is enabled, the notification is awaited."
"Customweb_BNPMercanetCw::In some cases the transaction requires a few seconds until it is successfully authorized. When this option is enabled the user is hold until the transaction reach the final state. If this is not the case in 30 seconds a message is shown to the customer, which explains the situation.","In some cases the transaction requires a few seconds until it is successfully authorized. When this option is enabled the user is on hold until the transaction reaches the final state. If this is not the case in 30 seconds a message is shown to the customer, which explains the situation."
"Customweb_BNPMercanetCw::Inactive","Inactive"
"Customweb_BNPMercanetCw::Incl. Tax","Incl. Tax"
"Customweb_BNPMercanetCw::Information","Information"
"Customweb_BNPMercanetCw::Invalid login or password.","Invalid login or password."
"Customweb_BNPMercanetCw::Invoice Items","Invoice Items"
"Customweb_BNPMercanetCw::Invoice Settlement","Invoice Settlement"
"Customweb_BNPMercanetCw::Invoice Totals","Invoice Totals"
"Customweb_BNPMercanetCw::Invoice settlement","Invoice settlement"
"Customweb_BNPMercanetCw::Invoice was created successfully","Invoice was successfully created"
"Customweb_BNPMercanetCw::Invoices","Invoices"
"Customweb_BNPMercanetCw::Is this plan active for this store.","Is this plan active for this store."
"Customweb_BNPMercanetCw::Issue Number","Issue Number"
"Customweb_BNPMercanetCw::It is not possible to checkout in your country.","It is not possible to checkout in your country."
"Customweb_BNPMercanetCw::Item","Item"
"Customweb_BNPMercanetCw::Items","Items"
"Customweb_BNPMercanetCw::Items Refunded","Items Refunded"
"Customweb_BNPMercanetCw::JCB","JCB"
"Customweb_BNPMercanetCw::Live HMAC Key","Live HMAC Key"
"Customweb_BNPMercanetCw::Live Identifier (PBX_IDENTIFIANT)","Live Identifier (PBX_IDENTIFIANT)"
"Customweb_BNPMercanetCw::Live Key Version not configured.","Live Key Version not configured."
"Customweb_BNPMercanetCw::Live Key not configured.","Live Key not configured."
"Customweb_BNPMercanetCw::Live Merchant ID","Live Merchant ID"
"Customweb_BNPMercanetCw::Live Merchant ID not configured.","Live Merchant ID not configured."
"Customweb_BNPMercanetCw::Live Mode","Live Mode"
"Customweb_BNPMercanetCw::Live Password","Live Password"
"Customweb_BNPMercanetCw::Live Rang (PBX_RANG)","Live Rang (PBX_RANG)"
"Customweb_BNPMercanetCw::Live Secret Key","Live Secret Key"
"Customweb_BNPMercanetCw::Live Secret Key Version","Live Secret Key Version"
"Customweb_BNPMercanetCw::Live Site ID (PBX_SITE)","Live Site ID (PBX_SITE)"
"Customweb_BNPMercanetCw::Logging","Logging"
"Customweb_BNPMercanetCw::Login","Login"
"Customweb_BNPMercanetCw::Login & Register","Login & Register"
"Customweb_BNPMercanetCw::Login and password are required.","Login and password are required."
"Customweb_BNPMercanetCw::Maestro","Maestro"
"Customweb_BNPMercanetCw::Mail order/telephone order authorization","Mail order/telephone order authorization"
"Customweb_BNPMercanetCw::Manage Stores","Manage Stores"
"Customweb_BNPMercanetCw::Manage BNP Paribas Mercanet Aliases","Manage BNP Paribas Mercanet Aliases"
"Customweb_BNPMercanetCw::MasterCard","MasterCard"
"Customweb_BNPMercanetCw::Max Card Per CustomerId","Max Card Per CustomerId"
"Customweb_BNPMercanetCw::Max CustomerId Per Card","Max CustomerId Per Card"
"Customweb_BNPMercanetCw::Maximum Amount","Maximum Amount"
"Customweb_BNPMercanetCw::Maximum Order Total","Maximal order total"
"Customweb_BNPMercanetCw::Maximum order amount for this plan.","Maximum order amount for this plan."
"Customweb_BNPMercanetCw::Message","Message"
"Customweb_BNPMercanetCw::Method Title","Method Title"
"Customweb_BNPMercanetCw::Minimum Amount","Minimum Amount"
"Customweb_BNPMercanetCw::Minimum Order Total","Minimum order total"
"Customweb_BNPMercanetCw::Minimum order amount for this plan.","Minimum order amount for this plan."
"Customweb_BNPMercanetCw::Month","Month"
"Customweb_BNPMercanetCw::Must be bigger than 0 and smaller than 100","Must be bigger than 0 and smaller than 100"
"Customweb_BNPMercanetCw::Must be bigger than 1 and smaller than 31","Must be bigger than 1 and smaller than 31"
"Customweb_BNPMercanetCw::Must be bigger than the minimum","Must be bigger than the minimum"
"Customweb_BNPMercanetCw::Must been between 2 and 4","Must been between 2 and 4"
"Customweb_BNPMercanetCw::Must not be negative","Must not be negative"
"Customweb_BNPMercanetCw::My BNP Paribas Mercanet Aliases","My BNP Paribas Mercanet Aliases"
"Customweb_BNPMercanetCw::Name","Name"
"Customweb_BNPMercanetCw::Name visible to the customer.","Name visible to the customer."
"Customweb_BNPMercanetCw::New Order","New Order"
"Customweb_BNPMercanetCw::New Order Status","New order status"
"Customweb_BNPMercanetCw::New card","New card"
"Customweb_BNPMercanetCw::Next Update Execution Date","Next Update Execution Date"
"Customweb_BNPMercanetCw::No","No"
"Customweb_BNPMercanetCw::No Items","No Items"
"Customweb_BNPMercanetCw::No additional payment information available.","No additional payment information available"
"Customweb_BNPMercanetCw::No authorization method found for payment method !method.","No authorization method found for payment method !method."
"Customweb_BNPMercanetCw::No button returned.","No button returned."
"Customweb_BNPMercanetCw::No refund possible.","No refund possible"
"Customweb_BNPMercanetCw::No response code returned","No response code returned."
"Customweb_BNPMercanetCw::No shipping method needed.","No shipping method needed."
"Customweb_BNPMercanetCw::No, use the dropdown.","No, use the dropdown menu."
"Customweb_BNPMercanetCw::Number of payments","Number of payments"
"Customweb_BNPMercanetCw::Only an authorized transaction can be marked as finally declined.","Only authorized transactions can be marked as finally declined."
"Customweb_BNPMercanetCw::Only an uncertain transaction can be marked as finally declined.","Only uncertain transactions can be marked as finally declined."
"Customweb_BNPMercanetCw::Only authorized transaction can be cancelled.","Only authorised transaction can be cancelled."
"Customweb_BNPMercanetCw::Only authorized transaction can be captured.","Only authorised transactions can be captured."
"Customweb_BNPMercanetCw::Only authorized transaction can be refunded.","Only authorised transaction can be refunded."
"Customweb_BNPMercanetCw::Only captured transaction can be refunded.","Only captured transaction can be refunded."
"Customweb_BNPMercanetCw::Only on captured transaction the flag customer refusing to pay can be set.","It is only possible to set a flag for customers refusing to pay on captured transactions."
"Customweb_BNPMercanetCw::Operation Mode","Operation mode"
"Customweb_BNPMercanetCw::Order #","Order Number"
"Customweb_BNPMercanetCw::Order Grand Total","Order Grand Total"
"Customweb_BNPMercanetCw::Order Information","Order Information"
"Customweb_BNPMercanetCw::Order Prefix","Order Prefix"
"Customweb_BNPMercanetCw::Order Review","Order Review"
"Customweb_BNPMercanetCw::Order Summary","Order Summary"
"Customweb_BNPMercanetCw::Order Total","Order total"
"Customweb_BNPMercanetCw::Order cancelled, because the customer was too long in the payment process of BNP Paribas Mercanet.","Order cancelled because the customer was in the payment process of BNP Paribas Mercanet for too long."
"Customweb_BNPMercanetCw::Order was placed using %s","Order was placed using %s"
"Customweb_BNPMercanetCw::Orders","Orders"
"Customweb_BNPMercanetCw::Orders with with payments that are longer pending than the specified timeout in minutes are cancelled automatically.","Orders, with payments that have been pending for longer than the specified time-out in minutes, are cancelled automatically. To use this feature you have to setup the Magento cron."
"Customweb_BNPMercanetCw::Paid Amount","Paid Amount"
"Customweb_BNPMercanetCw::Partial refund not possible. You may retry with the total transaction amount.","Partial refund not possible. The sum is larger than the total captured amount."
"Customweb_BNPMercanetCw::Password","Password"
"Customweb_BNPMercanetCw::Password and password confirmation are not equal.","""Password"" and ""Password Confirmation"" don't match."
"Customweb_BNPMercanetCw::Pay with ____paymentMethodName____","Pay with ____paymentMethodName____"
"Customweb_BNPMercanetCw::Payment","Payment"
"Customweb_BNPMercanetCw::Payment ID","Payment ID"
"Customweb_BNPMercanetCw::Payment Id","Payment ID"
"Customweb_BNPMercanetCw::Payment Information","Payment Information"
"Customweb_BNPMercanetCw::Payment Method","Payment Method"
"Customweb_BNPMercanetCw::Payment Plan","Payment Plan"
"Customweb_BNPMercanetCw::Payment Plan selected, but not activated for this method.","Payment Plan selected, but not activated for this method."
"Customweb_BNPMercanetCw::Payment Plans","Payment Plans"
"Customweb_BNPMercanetCw::Payment captured successfully.","Payment captured successfully"
"Customweb_BNPMercanetCw::Payment could not be authorized. Cancelling order. Reason :","Payment could not be authorised. Order is being cancelled for the reason:"
"Customweb_BNPMercanetCw::Payment details can be entered after placing the order","Payment details can be entered after placing the order"
"Customweb_BNPMercanetCw::Payment from Applicable Countries","Payment from applicable countries"
"Customweb_BNPMercanetCw::Payment from Specific Countries","Payment from specific countries"
"Customweb_BNPMercanetCw::Payment from applicable countries","Payment from applicable countries"
"Customweb_BNPMercanetCw::Payment from specific countries","Payment from specific countries"
"Customweb_BNPMercanetCw::Payment is pending at BNPMercanetCw","Payment is pending with BNPMercanetCw"
"Customweb_BNPMercanetCw::Payment method description","Payment method description"
"Customweb_BNPMercanetCw::Payment n-Fois","Payment n-Fois"
"Customweb_BNPMercanetCw::Payment plan not available for this amount.","Payment plan not available for this amount."
"Customweb_BNPMercanetCw::Payment plan with errors selected. Please contact the merchant.","Payment plan with errors selected. Please contact the merchant."
"Customweb_BNPMercanetCw::Payment with %s","Payment with %s"
"Customweb_BNPMercanetCw::Payment with BNP Paribas Mercanet","Payment with BNP Paribas Mercanet"
"Customweb_BNPMercanetCw::Payments may be updated periodically (interval in minutes). To use this feature you have to setup magento cron","The state of the payment will be be updated periodically (interval in minutes) via API if activated. To use this feature you have to setup Magento cron."
"Customweb_BNPMercanetCw::Pending","Pending"
"Customweb_BNPMercanetCw::Pending BNPMercanetCw","Pending BNPMercanetCw"
"Customweb_BNPMercanetCw::Percentage of the order amount which is charged with the first payment. The residual amount is distributed equally among the remaining payments.","Percentage of the order amount which is charged with the first payment. The residual amount is distributed equally among the remaining payments."
"Customweb_BNPMercanetCw::Period","Period"
"Customweb_BNPMercanetCw::Place Order","Place Order"
"Customweb_BNPMercanetCw::Please agree to all the terms and conditions before placing the order.","Please agree to all the terms and conditions before placing the order."
"Customweb_BNPMercanetCw::Please check the entered CVC number.","Please check the entered CVC number."
"Customweb_BNPMercanetCw::Please check the entered credit card number.","Please check the entered credit card number."
"Customweb_BNPMercanetCw::Please enter here the Bank Identifier Code (BIC).","Please enter here the Bank Identifier Code (BIC)."
"Customweb_BNPMercanetCw::Please enter here the CVC code from your card. You find the code on the back of the card.","Please enter the CVC code from your card. You can find the code on the back of the card."
"Customweb_BNPMercanetCw::Please enter here the International Bank Account Number (IBAN).","Please enter here the International Bank Account Number (IBAN)."
"Customweb_BNPMercanetCw::Please enter here the account holder name on the card.","Please enter here the account holder name on the card."
"Customweb_BNPMercanetCw::Please enter here the account holder name.","Please enter here the account holder name."
"Customweb_BNPMercanetCw::Please enter here the account number of your bank account.","Please enter here the International Bank Account Number (IBAN)."
"Customweb_BNPMercanetCw::Please enter here the bank code of your bank.","Please enter here the bank code of your bank"
"Customweb_BNPMercanetCw::Please enter here the card holder name on the card.","Please enter the card holder's name."
"Customweb_BNPMercanetCw::Please enter here the commercial number of your company.","Please enter the commercial number of your company."
"Customweb_BNPMercanetCw::Please enter here the name of the account owner.","Please enter the name of the account owner"
"Customweb_BNPMercanetCw::Please enter here the number on your card.","Please enter your card number."
"Customweb_BNPMercanetCw::Please enter here the sales tax number of your company.","Please enter here the sales tax number of your company."
"Customweb_BNPMercanetCw::Please enter here your social security number.","Please enter your social security number."
"Customweb_BNPMercanetCw::Please enter the location of your bank.","Please enter the location of your bank."
"Customweb_BNPMercanetCw::Please enter the name of your bank.","Please enter the name of your bank."
"Customweb_BNPMercanetCw::Please enter your IBAN number.","Please enter your IBAN number."
"Customweb_BNPMercanetCw::Please enter your issue number, if there is no CVC code on your card.","Please enter your issue number, if there is no CVC code on your card."
"Customweb_BNPMercanetCw::Please flash or disable the cache storage and retry. If this did not help, change the authorization method to PaymentPage and <a href=""%s"" target=""_blank"">contact sellxed</a>.","Please flash or disable the cache storage and retry. If this did not help, change the authorization method to PaymentPage and <a href=""%s"" target=""_blank"">contact sellxed</a>."
"Customweb_BNPMercanetCw::Please flash or disable the cache storage and retry. If this did not help, change the authorization method to PaymentPage and <a href=""%s"" target=""_blank"">contact sellxed</a>.', 'http://www.sellxed.com/en/support","Please empty or disable the cache storage and retry. If this did not help, change the authorization method to PaymentPage and <a href=""%s"" target=""_blank"">contact sellxed</a>.', 'http://www.sellxed.com/en/support"
"Customweb_BNPMercanetCw::Please flush or disable the cache storage and retry. If this did not help, change the authorization method to PaymentPage and <a href=""%s"" target=""_blank"">contact sellxed</a>.","Please flush or disable the cache storage and retry. If this did not help, change the authorization method to PaymentPage and <a href=""%s"" target=""_blank"">contact sellxed</a>."
"Customweb_BNPMercanetCw::Please log in below:","Please log in below:"
"Customweb_BNPMercanetCw::Please select","Please select"
"Customweb_BNPMercanetCw::Please select a shipping method before sending the order.","Please select a shipping method before sending the order."
"Customweb_BNPMercanetCw::Please select the Bank Identifier Code (BIC) of your bank.","Please select the Bank Identifier Code (BIC) of your bank."
"Customweb_BNPMercanetCw::Please select the day of your birth.","Please select the day of your birth."
"Customweb_BNPMercanetCw::Please select the expiry month on your card.","You have to enter the month of the card expiry"
"Customweb_BNPMercanetCw::Please select the expiry year on your card.","Please select your card's year of expiry."
"Customweb_BNPMercanetCw::Please select the month of your birth.","Please select the month of your birth."
"Customweb_BNPMercanetCw::Please select the the year of your birth.","Please select the the year of your birth."
"Customweb_BNPMercanetCw::Please wait, processing your order...","Please wait, processing your order..."
"Customweb_BNPMercanetCw::Price","Price"
"Customweb_BNPMercanetCw::Product","Product"
"Customweb_BNPMercanetCw::Product Name","Product name"
"Customweb_BNPMercanetCw::Purchase Point","Point of Purchase"
"Customweb_BNPMercanetCw::Qty","Qty"
"Customweb_BNPMercanetCw::Recurring Payments","Recurring Payments"
"Customweb_BNPMercanetCw::Refund Amount","Refunded amount"
"Customweb_BNPMercanetCw::Refund ID","Refund ID"
"Customweb_BNPMercanetCw::Refund amount","Refunded amount"
"Customweb_BNPMercanetCw::Refund information","Refund information"
"Customweb_BNPMercanetCw::Refund status","Refund status"
"Customweb_BNPMercanetCw::Refunded Amount","Refunded amount"
"Customweb_BNPMercanetCw::Refunds","Credit Memo"
"Customweb_BNPMercanetCw::Refused Payments after uncertain","Refused Payments after uncertain"
"Customweb_BNPMercanetCw::Register","Register"
"Customweb_BNPMercanetCw::Register to Create an Account","Register to create an account"
"Customweb_BNPMercanetCw::Register with us for future convenience:","Register with us for future convenience:"
"Customweb_BNPMercanetCw::Release Date","Release Date"
"Customweb_BNPMercanetCw::Reset","Reset"
"Customweb_BNPMercanetCw::Response Code","Response Code"
"Customweb_BNPMercanetCw::Review","Review"
"Customweb_BNPMercanetCw::Risk Management","Risk Management"
"Customweb_BNPMercanetCw::Rounding Adjustment","Rounding Adjustments"
"Customweb_BNPMercanetCw::Row Total","Row Total"
"Customweb_BNPMercanetCw::SEPA Mandate ID","SEPA Mandate ID"
"Customweb_BNPMercanetCw::SKU:","SKU:"
"Customweb_BNPMercanetCw::Sales","Sales"
"Customweb_BNPMercanetCw::Sales Tax Number","Sales Tax Number"
"Customweb_BNPMercanetCw::Save","Save"
"Customweb_BNPMercanetCw::Saved cards:","Saved cards:"
"Customweb_BNPMercanetCw::See order and shipping status","See order and shipping status"
"Customweb_BNPMercanetCw::Select Brand","Select card brand"
"Customweb_BNPMercanetCw::Select Method","Select Method"
"Customweb_BNPMercanetCw::Select the authorization method to use for processing this payment method.","Select the authorisation method to use in order to process this payment method. (Please be aware that the hidden mode for credit cards (if available) requires additional PCI certification requirements. Contact BNP Paribas Mercanet for additional information)."
"Customweb_BNPMercanetCw::Select the date of your birth.","Select your date of birth."
"Customweb_BNPMercanetCw::Select the date on which your card expires.","Select the expiry date of your card."
"Customweb_BNPMercanetCw::Send Invoice Email","Send Invoice Email"
"Customweb_BNPMercanetCw::Send amounts to BNP Paribas Mercanet in base currency.","Send amounts to BNP Paribas Mercanet in base currency."
"Customweb_BNPMercanetCw::Send amounts to BNP Paribas Mercanet in store's base currency.","Send amounts to BNP Paribas Mercanet in store's base currency."
"Customweb_BNPMercanetCw::Send invoice email","Send invoice email"
"Customweb_BNPMercanetCw::Send the invoice email automatically after invoice creation.","Send the invoice email automatically after invoice creation."
"Customweb_BNPMercanetCw::Set direct capture after order. In this case your authoization will directly be captured on your customer's credit card","With 'direct capturing' the the customer is debited directly after completion of payment. In the case of 'deferred capturing' the amount is debited at a moment defined by you."
"Customweb_BNPMercanetCw::Set the sort order to show the external checkouts.","Set the sort order to show the external checkouts."
"Customweb_BNPMercanetCw::Settlement after order","Settlement after order"
"Customweb_BNPMercanetCw::Setup","Setup"
"Customweb_BNPMercanetCw::Shipping & Handling","Shipping & Handling"
"Customweb_BNPMercanetCw::Shipping Address","Delivery address"
"Customweb_BNPMercanetCw::Shipping Amount","Shipping Amount"
"Customweb_BNPMercanetCw::Shipping Information","Shipping Information"
"Customweb_BNPMercanetCw::Shipping Method","Shipping Method"
"Customweb_BNPMercanetCw::Shipping Methods","Shipping Methods"
"Customweb_BNPMercanetCw::Shipping Refund","Shipping Refund"
"Customweb_BNPMercanetCw::Shop","Shop"
"Customweb_BNPMercanetCw::Short Installation Instructions:","Short Installation Instructions:"
"Customweb_BNPMercanetCw::Should the amount be captured automatically after the order (direct) or should the amount only be reserved (deferred)?","Should the amount be captured automatically after the order (direct) or should the amount only be reserved (deferred)?"
"Customweb_BNPMercanetCw::Show","Show"
"Customweb_BNPMercanetCw::Show Account Selection","Show Account Selection"
"Customweb_BNPMercanetCw::Show Further Settings and Information","Show further settings and information"
"Customweb_BNPMercanetCw::Show Image","Show Image"
"Customweb_BNPMercanetCw::Show Payment Id","Show Payment ID"
"Customweb_BNPMercanetCw::Show the payment id","Show the payment ID"
"Customweb_BNPMercanetCw::Show the payment id in the order information","Show the payment ID in the order information"
"Customweb_BNPMercanetCw::Show the payment image","Show the payment image"
"Customweb_BNPMercanetCw::Show the payment image on the checkout page","Show the payment image on the checkout page"
"Customweb_BNPMercanetCw::Sign In","Sign In"
"Customweb_BNPMercanetCw::Simility IP Card","Simility IP Card"
"Customweb_BNPMercanetCw::Simulation Mode","Simulation Mode"
"Customweb_BNPMercanetCw::Single Payment","Single Payment"
"Customweb_BNPMercanetCw::Social Security Number","Social Security Number"
"Customweb_BNPMercanetCw::Sort Order","Sort Order"
"Customweb_BNPMercanetCw::Status","State"
"Customweb_BNPMercanetCw::Store the payment details","Store the payment details"
"Customweb_BNPMercanetCw::Stored payment details","Stored payment details"
"Customweb_BNPMercanetCw::Submit Order","Submit Order"
"Customweb_BNPMercanetCw::Submitting order information...","Submitting order information..."
"Customweb_BNPMercanetCw::Subtotal","Subtotal"
"Customweb_BNPMercanetCw::Success","Successful"
"Customweb_BNPMercanetCw::Successful","Successful"
"Customweb_BNPMercanetCw::Successful Payments after uncertain","Successful Payments after uncertain"
"Customweb_BNPMercanetCw::Successful online refund of amount","Successful online refund of amount"
"Customweb_BNPMercanetCw::Successful payment authorization.","Successful payment authorization"
"Customweb_BNPMercanetCw::Successfull online refund of amount","Successful online refund of amount"
"Customweb_BNPMercanetCw::Support","Support"
"Customweb_BNPMercanetCw::Systematic Authorization Card","Systematic Authorization Card"
"Customweb_BNPMercanetCw::Tax Amount","Tax Amount"
"Customweb_BNPMercanetCw::Technical issue: This payment methods is not available at the moment.","Technical issue: This payment method is not available at the moment."
"Customweb_BNPMercanetCw::Test Mode","Test Mode"
"Customweb_BNPMercanetCw::Test Transaction","Test Transaction"
"Customweb_BNPMercanetCw::The HMAC key as defined in the live backoffice of BNP Paribas Mercanet. You may need generate the HMAC key. Please take a look at the manual how to do this.","The HMAC key as defined in the live backoffice of BNP Paribas Mercanet. You may need generate the HMAC key. Please take a look at the manual how to do this."
"Customweb_BNPMercanetCw::The SEPA mandate schema does not contain the tag '!tag'. This tag is required.","The SEPA mandate schema does not contain the tag '!tag'. This tag is required."
"Customweb_BNPMercanetCw::The alias could not be found.","The alias could not be found."
"Customweb_BNPMercanetCw::The alias has been deleted.","The alias has been deleted."
"Customweb_BNPMercanetCw::The alias transaction could not be conductet with error code: !code, and reason: !reason:","The alias transaction could not be conducted with error code: !code, and reason: !reason:"
"Customweb_BNPMercanetCw::The amount could not be verified.","The amount could not be verified."
"Customweb_BNPMercanetCw::The amount is too high.","The amount is too high."
"Customweb_BNPMercanetCw::The amount of !amount is authorized.","The amount of !amount is authorized."
"Customweb_BNPMercanetCw::The amount of !amount is captured.","The amount of !amount is captured."
"Customweb_BNPMercanetCw::The authorisation is refused.","The authorization failed."
"Customweb_BNPMercanetCw::The authorization method '!method' is not supported.","The authorization method '!method' is not supported."
"Customweb_BNPMercanetCw::The authorization was not successful","Authorization error. Authorization not successful."
"Customweb_BNPMercanetCw::The brand of the credit card is detected by the card number if hidden authorization is used. If the payment page is used, the user has to select the brand. The allowed credit card brands can be restricted by this setting.","The brand of the credit card is detected by the card number if hidden authorization is used. If the payment page is used, the user has to select the brand. The allowed credit card brands can be restricted by this setting."
"Customweb_BNPMercanetCw::The brand with external name '!key' was not present in the map.","The brand with external name '!key' was not present in the map."
"Customweb_BNPMercanetCw::The brand with key '!key' was not found in the card information map.","The brand with key '!key' was not found in the card information map."
"Customweb_BNPMercanetCw::The calculated and returned seal do not match.","The calculated and the returned seal do not match."
"Customweb_BNPMercanetCw::The calculated and the returned seal do not match.","The calculated and the returned seal do not match."
"Customweb_BNPMercanetCw::The cancellation could not be conducted. Error code: !error.","The cancellation could not be conducted. Error code: !error."
"Customweb_BNPMercanetCw::The capture amount (!captureAmount) cannot be greater than the authorized amount (!authorizedAmount).","The capture amount (!captureAmount) cannot be greater than the authorized amount (!authorizedAmount)."
"Customweb_BNPMercanetCw::The capture delay indicates how many day the transaction capture is delayed after the authorization.","The capture delay indicates how many days the transaction capture is delayed after the authorization."
"Customweb_BNPMercanetCw::The capture delay indicates how many days the transaction capture is delayed after the authorization.","The capture delay indicates how many days the transaction capture is delayed after the authorization."
"Customweb_BNPMercanetCw::The capture item with SKU '@sku' has a higher amount (@amountItem) as the original item (@amountOriginal).","The capture item with SKU '@sku' has a higher amount (@amountItem) than the original item (@amountOriginal)."
"Customweb_BNPMercanetCw::The capture item with SKU '@sku' is not present in the original order.","The capture item with SKU '@sku' is not present in the original order."
"Customweb_BNPMercanetCw::The capturing could not be conducted. Error code: !error.","The capturing could not be conducted. Error code: !error."
"Customweb_BNPMercanetCw::The card brand selection is automatically done depending on the entered card number. If no Javascript is active in the browser, a drop down is shown. In case JavaScript a the brand logos can be shown. Should the brand selection using images?","The card brand selection is automatically done depending on the entered card number. If no Javascript is active in the browser, a drop down is shown. In case JavaScript a the brand logos can be shown should the brand selection using images."
"Customweb_BNPMercanetCw::The configuration has been saved.","The configuration has been saved."
"Customweb_BNPMercanetCw::The controller class '@controller' does not provide any method with annotation 'Customweb_Payment_Endpoint_Annotation_ExtractionMethod' and valid output.","The controller class '@controller' does not provide any method with the annotation 'Customweb_Payment_Endpoint_Annotation_ExtractionMethod' and valid output."
"Customweb_BNPMercanetCw::The customer does not finish the payment with in the timeout.","The customer does not finish the payment with in the timeout."
"Customweb_BNPMercanetCw::The date of birth is required.","The date of birth is required."
"Customweb_BNPMercanetCw::The defined capture delay is not valid. It must be a positive integer.","The defined capture delay is not valid. It must be a positive integer."
"Customweb_BNPMercanetCw::The expiry date is invalid or the card is expired.","The expiry date is invalid or the card is expired."
"Customweb_BNPMercanetCw::The gender is required.","The gender is required."
"Customweb_BNPMercanetCw::The given CVC code has the wrong length.","The given CVC code has the wrong length."
"Customweb_BNPMercanetCw::The given card number has an invalid check sum.","The given card number has an invalid check sum."
"Customweb_BNPMercanetCw::The given card number has an invalid length.","The given card number has an invalid length."
"Customweb_BNPMercanetCw::The given hmac key is empty.","No HMAC key entered."
"Customweb_BNPMercanetCw::The given identifier is empty.","The given identifier is empty."
"Customweb_BNPMercanetCw::The given password is empty.","No password entered."
"Customweb_BNPMercanetCw::The given rang is empty. It must be a nummeric value with length of two.","The given rang is empty. It must be a numeric value with length of two."
"Customweb_BNPMercanetCw::The given rang is invalid. It must be a nummeric value with length of two.","The given rang is invalid. It must be a numeric value with length of two."
"Customweb_BNPMercanetCw::The given site number is empty.","The given site number is empty."
"Customweb_BNPMercanetCw::The identifier as defined in the backoffice of BNP Paribas Mercanet.","The identifier as defined in the backoffice of BNP Paribas Mercanet."
"Customweb_BNPMercanetCw::The invoice could not be captured and processed by","The invoice could not be captured and processed by BNP Paribas Mercanet."
"Customweb_BNPMercanetCw::The invoice could not be captured and processed. Reason:","The invoice could not be captured and processed. Reason: !reason"
"Customweb_BNPMercanetCw::The invoice could not be found.","The invoice could not be found."
"Customweb_BNPMercanetCw::The invoice has been changed.","The invoice has been changed."
"Customweb_BNPMercanetCw::The invoice no longer exists.","The invoice no longer exists."
"Customweb_BNPMercanetCw::The layout does not contain the tag '!layout_tag'.","The layout does not contain the tag '!layout_tag'."
"Customweb_BNPMercanetCw::The next update execution date indicates when the next cron is run to update the transaction state.","The next update execution date indicates when the next cron is run to update the transaction state."
"Customweb_BNPMercanetCw::The notification contains no 'Data' field.","The notification does not contain a 'Data' field."
"Customweb_BNPMercanetCw::The notification contains no 'Seal' field.","The notification does not contain a 'Seal' field."
"Customweb_BNPMercanetCw::The notification contains no 'responseCode'.","The notification contains no 'responseCode'."
"Customweb_BNPMercanetCw::The number of attempts to enter the card number exceeded.","The maximum number of attempts to enter the card number was exceeded."
"Customweb_BNPMercanetCw::The operation can not be performed. The transaction status does not allow this transaction or the operation is currenlty not possible.","The operation cannot be performed. The transaction status does not allow this transaction or the operation is currently not possible."
"Customweb_BNPMercanetCw::The operation was rejected by an unkown error.","The operation was rejected by an unknown error."
"Customweb_BNPMercanetCw::The order is not fully completed. Please contact the store owner.","The payment could not be conducted."
"Customweb_BNPMercanetCw::The parameters ""3DSIGNVAL"" was false.","The parameters ""3DSIGNVAL"" was false."
"Customweb_BNPMercanetCw::The payment form will be displayed after submitting the order.","The payment form will be displayed after submitting the order."
"Customweb_BNPMercanetCw::The payment has been accepted.","The payment has been accepted."
"Customweb_BNPMercanetCw::The payment has been denied.","The payment has been denied."
"Customweb_BNPMercanetCw::The payment method !paymentMethodName does not support the currency '!currency'.","The payment method !paymentMethodName does not support the currency '!currency'."
"Customweb_BNPMercanetCw::The payment method !paymentMethodName is not available in your country ('!country').","The payment method !paymentMethodName is not available in your country ('!country')."
"Customweb_BNPMercanetCw::The payment method name '!name' could not be mapped to a payment method class.","The payment method name '!name' could not be mapped to a payment method class."
"Customweb_BNPMercanetCw::The payment update has been made.","The payment update has been completed."
"Customweb_BNPMercanetCw::The provided bank details or the provided CVC is invlaid.","The provided bank details or the provided CVC is invalid."
"Customweb_BNPMercanetCw::The provided signature does not match with the one calculated.","The provided signature does not match the one calculated."
"Customweb_BNPMercanetCw::The rang (PBX_RANG) as defined in the live backoffice of BNP Paribas Mercanet. It must be nummeric value with length two. In the backoffice it may be displayed as a three char value. You must truncate the first digit.","The rang (PBX_RANG) as defined in the live backoffice of BNP Paribas Mercanet. It must be nummeric value with length two. In the back office it may be displayed as a three char value. You must truncate the first digit."
"Customweb_BNPMercanetCw::The refund item with SKU '@sku' has a higher amount (@amountItem) as the original item (@amountOriginal).","The refund item with SKU '@sku' has a higher amount (@amountItem) as the original item (@amountOriginal)."
"Customweb_BNPMercanetCw::The refund item with SKU '@sku' is not present in the original order.","The refund item with SKU '@sku' is not present in the original order."
"Customweb_BNPMercanetCw::The refunding could not be conducted. Error code: !error.","The refund could not be conducted. Error code: !error."
"Customweb_BNPMercanetCw::The reqeust is refused because it was treated as fraud.","The reqeust is refused because it was treated as fraud."
"Customweb_BNPMercanetCw::The request failed because of invalid format in some field.","The request failed because of invalid format in some field."
"Customweb_BNPMercanetCw::The request failed because of invalid parameters in the reqeust.","The request failed because of invalid parameters in the request."
"Customweb_BNPMercanetCw::The response code returned by ____paymentServiceProvider____ after the authorization.","The response code returned by ____paymentServiceProvider____ after the authorization."
"Customweb_BNPMercanetCw::The returned response code is '!code'.","The returned response code is '!code'."
"Customweb_BNPMercanetCw::The security rules are not observed, hence the transaction is stopped.","The security rules are not observed, hence the transaction was stopped."
"Customweb_BNPMercanetCw::The service is temporarily unavailable.","The service is temporarily unavailable."
"Customweb_BNPMercanetCw::The shopping cart has been altered!","The shopping cart has been altered!"
"Customweb_BNPMercanetCw::The signature could not be verified.","The signature could not be verified."
"Customweb_BNPMercanetCw::The site id (PBX_RANG) as defined in the backoffice of BNP Paribas Mercanet.","The Site ID (PBX_RANG) as defined in the back office of BNP Paribas Mercanet."
"Customweb_BNPMercanetCw::The time between two payments in days.","The time between two payments in days."
"Customweb_BNPMercanetCw::The timeframe is exceeded, hence the transaction is refused.","The time frame was exceeded, hence the transaction is refused."
"Customweb_BNPMercanetCw::The total number of payments (2-4).","The total number of payments (2-4)."
"Customweb_BNPMercanetCw::The total refund amount (!totalRefundedAmount) cannot be greater than the captured amount (!capturedAmount).","The total refund amount (!totalRefundedAmount) cannot be greater than the captured amount (!capturedAmount)."
"Customweb_BNPMercanetCw::The transaction cannot be cancelled online.","The transaction cannot be cancelled online."
"Customweb_BNPMercanetCw::The transaction cannot be captured online.","The transaction cannot be captured online."
"Customweb_BNPMercanetCw::The transaction cannot be refunded online.","The transaction cannot be refunded online."
"Customweb_BNPMercanetCw::The transaction failed with error code !code.","The transaction failed with error code: !code"
"Customweb_BNPMercanetCw::The transaction is a duplicated of an other transaction. Therefore it is refused.","The transaction is a duplicated of an other transaction. Therefore it is refused."
"Customweb_BNPMercanetCw::The transaction is only executed in the test system. The goods should not be delivered.","The transaction is only executed in the test system. The goods should not be delivered."
"Customweb_BNPMercanetCw::The transaction is pending.","The transaction is pending."
"Customweb_BNPMercanetCw::The transaction reference was not found in the remote system.","The transaction reference was not found in the remote system."
"Customweb_BNPMercanetCw::The transaction update feature is not active on this account","The transaction update feature is not active on this account"
"Customweb_BNPMercanetCw::The transaction was canceld by the customer.","The transaction was cancelled by the customer."
"Customweb_BNPMercanetCw::The validation time indicates how many days the authorization is valid. It has to be captured in this time period","The validation time indicates how many days the authorization is valid. It has to be captured in this time period."
"Customweb_BNPMercanetCw::The whole transaction is cancelled.","The entire transaction has been cancelled."
"Customweb_BNPMercanetCw::There has been a problem during the processing of your payment.","There has been a problem during the processing of your payment."
"Customweb_BNPMercanetCw::There has been a problem during the processing of your payment. Please contact the shop owner to make sure your order was placed successfully.","There has been a problem during the processing of your payment. Please contact the shop owner to make sure your order was placed successfully."
"Customweb_BNPMercanetCw::There is a problem with your license. Please contact us (www.sellxed.com/support). Reason: %1","There is a problem with your license. Please contact us (www.sellxed.com/support). Reason: %1"
"Customweb_BNPMercanetCw::There is a problem with your license. Please contact us (www.sellxed.com/support). Reason: %s","There is a problem with your license. Please contact us (www.sellxed.com/support). Reason: %s"
"Customweb_BNPMercanetCw::There is already a customer registered using this email address. Please login using this email address or enter a different email address to register your account.","There is already a customer registered using this email address. Please login using this email address or enter a different email address to register your account."
"Customweb_BNPMercanetCw::There seems to be a problem with the BNP Paribas Mercanet module.","There seems to be a problem with the BNP Paribas Mercanet module."
"Customweb_BNPMercanetCw::There was an error validating the login and password.","There was an error validating the login and password."
"Customweb_BNPMercanetCw::This account is not confirmed. <a href=""%s"">Click here</a> to resend confirmation email.","This account is not confirmed. <a href=""%s"">Click here</a> to resend the confirmation email."
"Customweb_BNPMercanetCw::This is a brief installation instruction of the main and most important installation steps. It is important that you strictly follow the check-list. Only by doing so, the secure usage in correspondence with all security regulations can be guaranteed.","This is a brief installation instruction of the most important installation steps. It is important that you strictly follow the check-list. Only by doing so, the secure usage in correspondence with all security regulations can be guaranteed."
"Customweb_BNPMercanetCw::This operation is not activated on your merchant account.","This operation is not activated on your merchant account."
"Customweb_BNPMercanetCw::This option defines how many days the transaction remains open after authorization. A value of 0 means that the authorization is captured as soon as possible. If you disable this function, you have to manually capture the transaction before it expires We recommend you to define a cron job in your shop especially if the capture delay is greater than 0 in order to automatically update the transaction status. How this can be done is described in the latest version of the integration manual. Please check with BNP Paribas Mercanet which delay is possible and what implication a delay may have.","This option defines how many days the transaction remains open after authorization. A value of 0 means that the authorization is captured as soon as possible. If you disable this function, you have to manually capture the transaction before it expires We recommend you to define a cron job in your shop especially if the capture delay is greater than 0 in order to automatically update the transaction status. How this can be done is described in the latest version of the integration manual. Please check with BNP Paribas Mercanet which delay is possible and what implication a delay may have."
"Customweb_BNPMercanetCw::This option defines how many days the transaction remains open after authorization. A value of 0 means that the authorization is captured as soon as possible. We recommend you to define a cron job in your shop especially if the capture delay is greater than 0 in order to automatically update the transaction status. How this can be done is described in the latest version of the integration manual. Please check with BNP Paribas Mercanet which delay is possible and what implication a delay may have.","This option defines how many days the transaction remains open after authorization. A value of 0 means that the authorization is captured as soon as possible. We recommend you to define a cron job in your shop especially if the capture delay is greater than 0 in order to automatically update the transaction status. How this can be done is described in the latest version of the integration manual. Please check with BNP Paribas Mercanet which delay is possible and what implication a delay may have."
"Customweb_BNPMercanetCw::This password is used for recurring payments and for the alias manager as well as for the server authorization. This is the password of the BNP Paribas Mercanet account.","This password is used for recurring payments and for the alias manager as well as for the server authorization. This is the password of the BNP Paribas Mercanet account."
"Customweb_BNPMercanetCw::This setting can be used to activate resp. deactivate the 3D secure check. Please check with PayBox if you are allowed to deactivate the 3D secure check. This setting has only an effect when you use the payment page.","This setting can be used to activate/deactivate the 3D Secure check. Please check with PayBox if you are allowed to deactivate the 3D Secure check. This setting only has an effect if you use the payment page."
"Customweb_BNPMercanetCw::This status is set, when the payment was successfull and it is authorized.","This status is set when the payment was successful and it is authorised."
"Customweb_BNPMercanetCw::This transaction is already closed for further captures.","This transaction is already closed for further captures"
"Customweb_BNPMercanetCw::This transaction is already closed for further refunds.","This transaction has been closed for further refunds."
"Customweb_BNPMercanetCw::This transaction is not in a valid state to be captured","This transaction is not in a valid state to be captured."
"Customweb_BNPMercanetCw::This transaction no longer exists.","This transaction no longer exists."
"Customweb_BNPMercanetCw::Timeout for pending payments (min)","Time-out for pending payments (in min)."
"Customweb_BNPMercanetCw::Titel","Title"
"Customweb_BNPMercanetCw::Title","Title"
"Customweb_BNPMercanetCw::Title of the payment method","Name of the payment method"
"Customweb_BNPMercanetCw::Total","Total"
"Customweb_BNPMercanetCw::Total Shipping Charges","Total shipping charges"
"Customweb_BNPMercanetCw::Track order history","Track order history"
"Customweb_BNPMercanetCw::Transaction","Transaction"
"Customweb_BNPMercanetCw::Transaction Authorized","Transaction authorised"
"Customweb_BNPMercanetCw::Transaction Cancelled","Transaction cancelled"
"Customweb_BNPMercanetCw::Transaction Captured","Transaction captured"
"Customweb_BNPMercanetCw::Transaction History","Transaction History"
"Customweb_BNPMercanetCw::Transaction Id","Transaction ID"
"Customweb_BNPMercanetCw::Transaction Paid","Transaction paid"
"Customweb_BNPMercanetCw::Transaction Reference Prefix","Transaction Reference Prefix"
"Customweb_BNPMercanetCw::Transaction Uncertain","Transaction uncertain"
"Customweb_BNPMercanetCw::Transaction Updates","Transaction Updates"
"Customweb_BNPMercanetCw::Transaction cancelled successfully","Transaction cancelled successfully"
"Customweb_BNPMercanetCw::Transaction captured successfully","Transaction captured successfully"
"Customweb_BNPMercanetCw::Transaction history","Transaction History"
"Customweb_BNPMercanetCw::Transaction was authorized over the deferred authorization mechanism.","Transaction was authorized over the deferred authorization mechanism."
"Customweb_BNPMercanetCw::Transactions","Transactions"
"Customweb_BNPMercanetCw::Unable to decode the server response.","Unable to decode the server response."
"Customweb_BNPMercanetCw::Unable to save the invoice.","Unable to save the invoice."
"Customweb_BNPMercanetCw::Uncertain Status","Uncertain status"
"Customweb_BNPMercanetCw::Uncertain transactions","Uncertain transactions"
"Customweb_BNPMercanetCw::Update","Update"
"Customweb_BNPMercanetCw::Update Qty's","Adjust Quantity"
"Customweb_BNPMercanetCw::Update interval for payments","Update interval for payments"
"Customweb_BNPMercanetCw::Use Base Currency","Use Base Currency"
"Customweb_BNPMercanetCw::Use Default","Use Default"
"Customweb_BNPMercanetCw::Use base currency","Use base currency"
"Customweb_BNPMercanetCw::V PAY","V PAY"
"Customweb_BNPMercanetCw::VISA","VISA"
"Customweb_BNPMercanetCw::VISA Electron","VISA Electron"
"Customweb_BNPMercanetCw::Validation","Validation"
"Customweb_BNPMercanetCw::Validation Time","Validation Time"
"Customweb_BNPMercanetCw::Velocity Card","Velocity Card"
"Customweb_BNPMercanetCw::Velocity Customer Id","Velocity Customer Id"
"Customweb_BNPMercanetCw::Velocity IP","Velocity IP"
"Customweb_BNPMercanetCw::Version","Version"
"Customweb_BNPMercanetCw::View","View"
"Customweb_BNPMercanetCw::Visa Electron","VISA Electron"
"Customweb_BNPMercanetCw::Wait On Success Page","Wait On Success Page"
"Customweb_BNPMercanetCw::We cannot get the transaction instance.","We can not establish a transaction."
"Customweb_BNPMercanetCw::We experienced a problem with your sellxed payment extension. For more information, please visit the configuration page of the plugin.","We experienced a problem with your sellxed payment extension. For more information, please visit the configuration page of the BNP Paribas Mercanet plugin."
"Customweb_BNPMercanetCw::When the store is not available (network outage, server failure or any other outage), when the feedback of BNP Paribas Mercanet is sent, then the transaction state is not updated. Hence no order confirmation e-mail is sent and the order is not in the paid state. By activating the transaction update, such transactions can be authorized later over direct link. To use this feature the update service must be activated and the API username and the API password must be set.","When the store is not available (network outage, server failure or any other outage), when the feedback of BNP Paribas Mercanet is sent, then the transaction state is not updated. Hence no order confirmation e-mail is sent and the order is not in the paid state. By activating the transaction update, such transactions can be authorized later over direct link. To use this feature the update service must be activated and the API username and the API password must be set."
"Customweb_BNPMercanetCw::When using an external checkout, the customer can either be asked to chose an option to authenticate (as guest, register or login) or he can always be checked out as guest. For the second option to work, guest checkout has to be enabled in magento.","When using an external checkout, the customer can either be asked to choose an option to authenticate (as guest, register or login) or he can always be checked out as guest. For the second option to work, guest checkout has to be enabled in Magento."
"Customweb_BNPMercanetCw::White Card","White Card"
"Customweb_BNPMercanetCw::Year","Year"
"Customweb_BNPMercanetCw::Yes","Yes"
"Customweb_BNPMercanetCw::Yes, use images for the brand selection.","Yes, use images for the brand selection."
"Customweb_BNPMercanetCw::You can allow the customers to manage/delete their aliases in the their account.","You can allow the customers to manage/delete their aliases in their account."
"Customweb_BNPMercanetCw::You can decide on the order status new orders should have after they are processed successfully.","You can specify the order status for new orders that have been processed successfully."
"Customweb_BNPMercanetCw::You can decide on the order status new orders should have that have an uncertain authorization status.","You can specify the order status for new orders that have an uncertain authorisation status."
"Customweb_BNPMercanetCw::You can restrict the usable cards for this payment method by this setting. Only the selected one can be used by the customer.","You can restrict the usable cards for this payment method by this setting. Only the ones selected can be used by the customer."
"Customweb_BNPMercanetCw::You can specify the order status for new orders that have an uncertain authorisation status.","You can specify the order status for new orders that have an uncertain authorisation status."
"Customweb_BNPMercanetCw::You can specify the order status for orders that are captured either directly after the order or manually in the backend.","You can specify the order status for orders that are captured either directly after the order or manually in the back-end."
"Customweb_BNPMercanetCw::You can specify the order status for orders that are refused after being in a uncertain state.","You can specify the order status for orders that are refused after being in a uncertain state."
"Customweb_BNPMercanetCw::You can specify the order status for orders that are successful after being in a uncertain state.","You can specify the order status for orders that are successful after being in a uncertain state."
"Customweb_BNPMercanetCw::You can specify the order status when an order is cancelled.","You can specify the order status for cancelled orders."
"Customweb_BNPMercanetCw::You created the order.","You created the order."
"Customweb_BNPMercanetCw::You have an invalid distance selling contract.","You have an invalid distance selling contract."
"Customweb_BNPMercanetCw::You have no stored aliases.","You have no stored aliases."
"Customweb_BNPMercanetCw::You have to enter a card number.","You have to enter a card number."
"Customweb_BNPMercanetCw::You have to enter bank code of your bank.","Enter your bank's bank code."
"Customweb_BNPMercanetCw::You have to enter commercial number of you company.","Please enter the commercial number of your company."
"Customweb_BNPMercanetCw::You have to enter either the CVC code or the issue number of your card.","You have to enter either the CVC code or the issue number of your card."
"Customweb_BNPMercanetCw::You have to enter sales tax number of you company.","You have to enter sales tax number of you company."
"Customweb_BNPMercanetCw::You have to enter sales tax number of your company.","Please enter your company's sales tax number."
"Customweb_BNPMercanetCw::You have to enter the BIC.","You have to enter the BIC of your bank."
"Customweb_BNPMercanetCw::You have to enter the CVC code from your card.","Enter the CVC code from your card"
"Customweb_BNPMercanetCw::You have to enter the IBAN.","You have to enter your IBAN number."
"Customweb_BNPMercanetCw::You have to enter the account holder name on the card.","You have to enter the account holder name on the card."
"Customweb_BNPMercanetCw::You have to enter the account holder name.","You have to enter the account holder name."
"Customweb_BNPMercanetCw::You have to enter the card holder name on the card.","You have to enter the card holder name."
"Customweb_BNPMercanetCw::You have to enter the location of your bank.","Please enter the location of your bank."
"Customweb_BNPMercanetCw::You have to enter the name of the account owner.","Please enter the name of the account owner"
"Customweb_BNPMercanetCw::You have to enter the name of your bank.","You have to enter the name of your bank."
"Customweb_BNPMercanetCw::You have to enter your IBAN Number.","You have to enter your IBAN number."
"Customweb_BNPMercanetCw::You have to enter your bank account number.","Please enter here the International Bank Account Number (IBAN)."
"Customweb_BNPMercanetCw::You have to enter your social security number.","Please enter your social security number."
"Customweb_BNPMercanetCw::You may choose one of the cards you paid before on this site.","You may choose from one of the cards previously used on this site."
"Customweb_BNPMercanetCw::You may choose one of your stored payment details.","You may choose one of your stored payment details."
"Customweb_BNPMercanetCw::You will be redirect to the order confirmation page.","You will be redirected to the order confirmation page."
"Customweb_BNPMercanetCw::Your browser does not allow the execution of JavaScript. Please activate JavaScript in your browser and reload this page.","Your browser does not allow the execution of JavaScript. Please activate JavaScript in your browser and reload this page."
"Customweb_BNPMercanetCw::BNPMercanetCw Aliases","BNPMercanetCw Aliases"
"Customweb_BNPMercanetCw::____paymentMethodName____","____paymentMethodName____"
"Customweb_BNPMercanetCw::BNP Paribas Mercanet","BNP Paribas Mercanet"
"Customweb_BNPMercanetCw::BNP Paribas Mercanet Aliases","BNP Paribas Mercanet Aliases"
"Customweb_BNPMercanetCw::BNP Paribas Mercanet Error","BNP Paribas Mercanet Error"
"Customweb_BNPMercanetCw::BNP Paribas Mercanet Parameters","BNP Paribas Mercanet Parameters"
"Customweb_BNPMercanetCw::BNP Paribas Mercanet Refund Items","BNP Paribas Mercanet Refund Items"
"Customweb_BNPMercanetCw::BNP Paribas Mercanet Section","BNP Paribas Mercanet Section"
"Customweb_BNPMercanetCw::BNP Paribas Mercanet Transactions","BNP Paribas Mercanet Transactions"
"Customweb_BNPMercanetCw::BNP Paribas Mercanet: Alias Management","BNP Paribas Mercanet: Alias Management"
"Customweb_BNPMercanetCw::customweb ltd","customweb ltd"
"Customweb_BNPMercanetCw::no","No"
"Customweb_BNPMercanetCw::or","or"
"Customweb_BNPMercanetCw::yes","Yes"
