"Customweb_BNPMercanetCw::* Required Fields","* Champs requis"
"Customweb_BNPMercanetCw::-- No Status Change --","-- Pas de changement de statut --"
"Customweb_BNPMercanetCw::0","0"
"Customweb_BNPMercanetCw::1","1"
"Customweb_BNPMercanetCw::10","10"
"Customweb_BNPMercanetCw::11","11"
"Customweb_BNPMercanetCw::12","12"
"Customweb_BNPMercanetCw::13","13"
"Customweb_BNPMercanetCw::14","14"
"Customweb_BNPMercanetCw::15","15"
"Customweb_BNPMercanetCw::16","16"
"Customweb_BNPMercanetCw::17","17"
"Customweb_BNPMercanetCw::18","18"
"Customweb_BNPMercanetCw::19","19"
"Customweb_BNPMercanetCw::2","2"
"Customweb_BNPMercanetCw::20","20"
"Customweb_BNPMercanetCw::21","21"
"Customweb_BNPMercanetCw::22","22"
"Customweb_BNPMercanetCw::23","23"
"Customweb_BNPMercanetCw::24","24"
"Customweb_BNPMercanetCw::25","25"
"Customweb_BNPMercanetCw::26","26"
"Customweb_BNPMercanetCw::27","27"
"Customweb_BNPMercanetCw::28","28"
"Customweb_BNPMercanetCw::29","29"
"Customweb_BNPMercanetCw::3","3"
"Customweb_BNPMercanetCw::30","30"
"Customweb_BNPMercanetCw::3D Secure","3D Secure"
"Customweb_BNPMercanetCw::3D Secure Authentication","Authentification 3D Secure"
"Customweb_BNPMercanetCw::3D Secure Minimum amount","3D Secure Minimum amount"
"Customweb_BNPMercanetCw::3D Secure failed","3D Secure a échoué."
"Customweb_BNPMercanetCw::3D Secure sucess","3D Secure avec succès"
"Customweb_BNPMercanetCw::4","4"
"Customweb_BNPMercanetCw::5","5"
"Customweb_BNPMercanetCw::6","6"
"Customweb_BNPMercanetCw::7","7"
"Customweb_BNPMercanetCw::8","8"
"Customweb_BNPMercanetCw::9","9"
"Customweb_BNPMercanetCw::<span class=""card-expiry-format-note"">The expected format is '!format' where the 'MM' means the month number and 'YY' the year number.</span>","<span class=""card-expiry-format-note"">Le format doit être '!format' où le 'MM' veut indiquer le numéro du mois et 'AA' le numéro de l'année.</span>"
"Customweb_BNPMercanetCw::A authorized transaction cannot be authorized again.","Une transaction autorisée ne peut pas être autorisée à nouveau."
"Customweb_BNPMercanetCw::A authorized transaction cannot be marked as failed.","Une transaction autorisée ne peut pas être marquée comme échouée"
"Customweb_BNPMercanetCw::A cancelled transaction cannot be authorized.","Une transaction annulée ne peut pas être autorisée."
"Customweb_BNPMercanetCw::A cancelled transaction cannot be cancelled again.","Une transaction annulée ne peut pas être annulée à nouveau."
"Customweb_BNPMercanetCw::A cancelled transaction cannot be captured.","Une transaction annulée ne peut pas être comptabilisée"
"Customweb_BNPMercanetCw::A cancelled transaction cannot be marked as failed.","Une transaction annulée ne peut pas être marquée comme échouée."
"Customweb_BNPMercanetCw::A cancelled transaction cannot be refunded.","Une autorisation annulée ne peut pas être remboursée."
"Customweb_BNPMercanetCw::A captured transaction cannot be authorized.","Une transaction comptabilisée ne peut pas être autorisée."
"Customweb_BNPMercanetCw::A captured transaction cannot be cancelled.","Une transaction comptabilisée ne peut pas être annulée."
"Customweb_BNPMercanetCw::A captured transaction cannot be marked as failed.","Une transaction comptabilisée ne peut pas être marquée comme échouée"
"Customweb_BNPMercanetCw::A failed authorization cannot be authorized.","Une transaction échouée ne peut pas être autorisée."
"Customweb_BNPMercanetCw::A payment method may not available for customers from different counties. You can decide when this availability check should happen. We recommend to set it during authorization","Certains modes de paiement ne sont pas disponible pour des pays spécifiques. Définissez l'instant dans lequel vous voulez que le contrôle de disponibilité soit fait. Nous recommendons séléctionner 'Pendant l'autorisation'."
"Customweb_BNPMercanetCw::A refund was added over !amount.","Un remboursement de !amount a été ajouté."
"Customweb_BNPMercanetCw::A transaction may be uncertain, when the payment is not guaranteed. For example in case the credit card does not participate in the 3D procedure.","Une transaction peut être incertaine si le paiement n'est pas garanti. Par example, si la carte de crédit ne fait pas partie du processus 3D secure."
"Customweb_BNPMercanetCw::About","À propos de nous"
"Customweb_BNPMercanetCw::Account Holder Name","Nom du titulaire du compte"
"Customweb_BNPMercanetCw::Account owner name.","Nom du titulaire du compte"
"Customweb_BNPMercanetCw::Action","Action"
"Customweb_BNPMercanetCw::Actions","Actions"
"Customweb_BNPMercanetCw::Activate","Activé"
"Customweb_BNPMercanetCw::Activate the payment method that you want to accept payments with.","Activez le mode de paiement que vous voulez accepter des paiements avec."
"Customweb_BNPMercanetCw::Active","Activé"
"Customweb_BNPMercanetCw::Additional Information","Informations complémentaires"
"Customweb_BNPMercanetCw::Adjust Qty","Ajuster la quantité"
"Customweb_BNPMercanetCw::Adjustment Discount","Ajustement des rabais"
"Customweb_BNPMercanetCw::Adjustment Fee","Frais d'ajustement"
"Customweb_BNPMercanetCw::After payment selection","Après la sélection du mode de paiement"
"Customweb_BNPMercanetCw::Ajax authorization not supported.","Autorisation Ajax pas possible."
"Customweb_BNPMercanetCw::Alias","Alias"
"Customweb_BNPMercanetCw::Alias For Display","Alias pour l'affichage"
"Customweb_BNPMercanetCw::All Customers","Tous les clients"
"Customweb_BNPMercanetCw::Allowed Currencies","Devises autorisés"
"Customweb_BNPMercanetCw::Allowed currencies for this payment method","Devises autorisées pour cette méthode de paiement"
"Customweb_BNPMercanetCw::Already registered?","Déjà inscrit?"
"Customweb_BNPMercanetCw::Always Checkout as Guest","Toujours commander en tant qu'invité"
"Customweb_BNPMercanetCw::American Express","American Express"
"Customweb_BNPMercanetCw::Amount","Montant"
"Customweb_BNPMercanetCw::Amount Incl. Tax","Montant Incl. Impôt"
"Customweb_BNPMercanetCw::Are you sure you want to cancel this order?","Êtes-vous sûr d'annuler cette commande?"
"Customweb_BNPMercanetCw::Author","Auteur"
"Customweb_BNPMercanetCw::Authorisation request to be performed via telephone with the issuer, as the card authorisation threshold has been exceeded, if the forcing is authorised for the merchant.","Demande d'autorisation à être réalisée par téléphone auprès de l'émetteur, comme le seuil d'autorisation de carte a été dépassé, si le forçage est autorisé pour le commerçant."
"Customweb_BNPMercanetCw::Authorization Amount","Montant de l'autorisation"
"Customweb_BNPMercanetCw::Authorization Failed","Autorisation a échouée"
"Customweb_BNPMercanetCw::Authorization Method","Mode d'autorisation"
"Customweb_BNPMercanetCw::Authorization is uncertain.","Autorisation est incertaine"
"Customweb_BNPMercanetCw::Authorized Status","Statut autorisé"
"Customweb_BNPMercanetCw::Await Notification","Attendre la notification"
"Customweb_BNPMercanetCw::Awaiting confirmation","En attente de confirmation"
"Customweb_BNPMercanetCw::BIC","BIC"
"Customweb_BNPMercanetCw::Bad signature format.","Format de signature incorrect"
"Customweb_BNPMercanetCw::Bank Location","Lieu de la banque"
"Customweb_BNPMercanetCw::Bank Name","Nom de la banque"
"Customweb_BNPMercanetCw::Bank account number","Número du compte bancaire"
"Customweb_BNPMercanetCw::Bank code number","Numéro de code banquaire"
"Customweb_BNPMercanetCw::Before payment selection","Avant la sélection du mode de paiement"
"Customweb_BNPMercanetCw::Billing Address","Adresse de facturation"
"Customweb_BNPMercanetCw::Billing Information","Information de facturation"
"Customweb_BNPMercanetCw::Billing address","Billing address"
"Customweb_BNPMercanetCw::Black Card","Black Card"
"Customweb_BNPMercanetCw::Brand Name","Nom de marque"
"Customweb_BNPMercanetCw::By pass 3D secure","Sans 3D Secure"
"Customweb_BNPMercanetCw::By setting the capturing the reservation can be captured directly after the order or later manually over the backend of the store.","En configurant la capture, les réservations peuvent être capturés directement après la commande ou plus tard manuellement depuis le backend du magasin."
"Customweb_BNPMercanetCw::CVC Code","Code de sécurité (CVC)"
"Customweb_BNPMercanetCw::Can not be empty","Can not be empty"
"Customweb_BNPMercanetCw::Cancel","Annuler"
"Customweb_BNPMercanetCw::Cancel ID","Cancel ID"
"Customweb_BNPMercanetCw::Cancel pending orders when out of stock","Annuler les commandes en attentes si l'article n'est pas en stock"
"Customweb_BNPMercanetCw::Cancel status","Statut d'annulation"
"Customweb_BNPMercanetCw::Canceled BNPMercanetCw","BNPMercanetCw Annulé"
"Customweb_BNPMercanetCw::Canceling of this payment not possible!","L'annulation de ce paiement n'est pas possible!"
"Customweb_BNPMercanetCw::Cancelled Status","Statut Annulé"
"Customweb_BNPMercanetCw::Cannot update item quantity.","Vous ne pouvez pas mettre à jour la quantité de l'article."
"Customweb_BNPMercanetCw::Capture Amount","Montant de comptabilisation"
"Customweb_BNPMercanetCw::Capture Delay","Délai de la comptabilisation"
"Customweb_BNPMercanetCw::Capture ID","ID de comptabilisation"
"Customweb_BNPMercanetCw::Capture amount","Montant comptabilisé"
"Customweb_BNPMercanetCw::Capture information","Information de comptabilisation"
"Customweb_BNPMercanetCw::Capture status","Statut de combtabilisation"
"Customweb_BNPMercanetCw::Capture: Don't Close","Comptabilisation: Ne pas fermer"
"Customweb_BNPMercanetCw::Captured Amount","Montant comptabilisé"
"Customweb_BNPMercanetCw::Captured Status","Statut de capture"
"Customweb_BNPMercanetCw::Captures","Comptabilisations"
"Customweb_BNPMercanetCw::Captures & Refunds","Captures et Remboursements"
"Customweb_BNPMercanetCw::Capturing","Comptabiliser"
"Customweb_BNPMercanetCw::Capturing Delay","Délai de la comptabilisation"
"Customweb_BNPMercanetCw::Card Expiration","Date d'expiration de la carte"
"Customweb_BNPMercanetCw::Card Holder Name","Titulaire de la carte"
"Customweb_BNPMercanetCw::Card Number","Numéro de la carte"
"Customweb_BNPMercanetCw::Carrier Title","Titre du transporteur"
"Customweb_BNPMercanetCw::Check out faster","Commander plus vite"
"Customweb_BNPMercanetCw::Check to activate the external checkout.","Marquer cette option pour activer la vérification externe."
"Customweb_BNPMercanetCw::Checkout","Checkout"
"Customweb_BNPMercanetCw::Checkout as Guest","Checkout en tant qu'invité"
"Customweb_BNPMercanetCw::Checkout as a Guest or Register","Passer à la caisse en tant que client ou créer un compte"
"Customweb_BNPMercanetCw::Checkout as a new customer","Commander en tant que nouveau client"
"Customweb_BNPMercanetCw::Checkout using your account","Commander en utilisant votre compte"
"Customweb_BNPMercanetCw::Choose settlement after order in case you want an invoice to be created with your oder. The state of the invoice will set according to your capture status.","Séléctionnez 'Génération après la commande' si vous voulez qu'une facture soit créée pour la commande. Le statut de la facture sera celui du statut de la comptabilisation."
"Customweb_BNPMercanetCw::Company Commercial Number","Société Nombre de commerce"
"Customweb_BNPMercanetCw::Confirm Password","Confirmer le mot de passe"
"Customweb_BNPMercanetCw::Continue","Continuer"
"Customweb_BNPMercanetCw::Corporate Card","Corporate Card"
"Customweb_BNPMercanetCw::Could not convert object of type '!type' to string.","Impossible de convertir objet de type '!type' à string."
"Customweb_BNPMercanetCw::Could not find a brand for the given card number.","Impossible de trouver une marque pour le numéro de carte donnée."
"Customweb_BNPMercanetCw::Could not find pressed button.","Impossible de trouver le bouton pressé."
"Customweb_BNPMercanetCw::Could not find template file at default location '!location'.","Impossible de trouver le fichier template dans le répertoire par défaut '!location'."
"Customweb_BNPMercanetCw::Could not find the payment method !paymentMethodName.","Impossible de trouver le mode de paiement !paymentMethodName."
"Customweb_BNPMercanetCw::Could not load layout from URL !url. Reason: !reason","Impossible de charger le template à partir de l'URL !url. Raison: !reason"
"Customweb_BNPMercanetCw::Create Account","Créer un compte"
"Customweb_BNPMercanetCw::Create New Order - Payment","Créer nouvelle commande - Paiement"
"Customweb_BNPMercanetCw::Create a recurring payment, with an existing alias is not supported","Création d'un paiement récurrent avec un alias existant n'est pas possible."
"Customweb_BNPMercanetCw::Creating an account has many benefits:","La création d'un compte a de nombreux avantages:"
"Customweb_BNPMercanetCw::Creation Date","Date de création"
"Customweb_BNPMercanetCw::Credit Card Brands","Types de cartes de crédit"
"Customweb_BNPMercanetCw::Credit Memo History","Histoire de note de crédit"
"Customweb_BNPMercanetCw::Credit Memo Totals","Totaux note de crédit"
"Customweb_BNPMercanetCw::Credit memo's total must be positive.","Total de note de crédit doit être positive."
"Customweb_BNPMercanetCw::Currency","Monnaie"
"Customweb_BNPMercanetCw::Current Configuration Scope:","Champ d'application actuel de la configuration:"
"Customweb_BNPMercanetCw::Customer Account","Compte client"
"Customweb_BNPMercanetCw::Customer Alias Management","Gestion des Alias du client"
"Customweb_BNPMercanetCw::Customer successfully returned from BNPMercanetCw","Le client est retourné de BNPMercanetCw avec succès"
"Customweb_BNPMercanetCw::Customer successfully returned from BNP Paribas Mercanet","Client retourné avec succès de la page de paiement de BNPMercanetCw."
"Customweb_BNPMercanetCw::Customer sucessfully returned from the BNPMercanetCw payment page.","Client retourné avec succès de la page de paiement de BNPMercanetCw."
"Customweb_BNPMercanetCw::Customers","Clients"
"Customweb_BNPMercanetCw::Customweb","Customweb"
"Customweb_BNPMercanetCw::Date","Date"
"Customweb_BNPMercanetCw::Date of Birth","Date de naissance"
"Customweb_BNPMercanetCw::Day","Jour"
"Customweb_BNPMercanetCw::Deactivate","Désactiver"
"Customweb_BNPMercanetCw::Dear customer we have received your billing and shipping information. In order to finish your order please create an account below or checkout as guest.","Cher client, nous avons reçu votre information de facturation et de livraison. Pour terminer votre commande veuillez créer un compte ci-dessous ou continuez en tant qu'invité."
"Customweb_BNPMercanetCw::Dear customer, it appears to us that your payment was successful, but we are still waiting for confirmation. You can wait on this page and we will redirect you after we received the confirmation. Or you can close this window and we will send out an order confirmation email.","Cher client, il nous semble que votre paiement a été un succès, mais nous sommes toujours en attente de la confirmation. Vous pouvez attendre sur cette page et vous serez redirigé après que nous ayons reçu la confirmation. Vous pouvez aussi fermer cette fenêtre et nous vous enverrons un e-mail de confirmation de la commande."
"Customweb_BNPMercanetCw::Default Config","Configuration par défaut"
"Customweb_BNPMercanetCw::Deferred","Differé"
"Customweb_BNPMercanetCw::Deferred (authorization)","Différé (autorisation)"
"Customweb_BNPMercanetCw::Deferred capturing","Comptabilisation retardée"
"Customweb_BNPMercanetCw::Deferred settlement","Génération retardée"
"Customweb_BNPMercanetCw::Define a maximal order total for this checkout to be available.","Définir un total de commande maximale pour que ce checkout soit disponible."
"Customweb_BNPMercanetCw::Define a minimal order total for this checkout to be available.","Définir un total de commande minimale pour que ce checkout soit disponible."
"Customweb_BNPMercanetCw::Delayed","Differé"
"Customweb_BNPMercanetCw::Delete","Effacer"
"Customweb_BNPMercanetCw::Delivery address","Delivery address"
"Customweb_BNPMercanetCw::Description","Description"
"Customweb_BNPMercanetCw::Diners Club","Diners Club"
"Customweb_BNPMercanetCw::Direct Debits","Direct Debits"
"Customweb_BNPMercanetCw::Direct E-Banking","Sofort Banking"
"Customweb_BNPMercanetCw::Direct capture after order","Directement après la commande"
"Customweb_BNPMercanetCw::Directly after order","Directement après la commande"
"Customweb_BNPMercanetCw::Directly after order (sale)","Directement après la commande"
"Customweb_BNPMercanetCw::Disabled","Désactivé"
"Customweb_BNPMercanetCw::Discount","Rabais"
"Customweb_BNPMercanetCw::Discount Amount","Montant du rabais"
"Customweb_BNPMercanetCw::Do not by pass 3D secure","Avec 3D Secure"
"Customweb_BNPMercanetCw::Don't change order status","Ne pas modifier le statut de la commande"
"Customweb_BNPMercanetCw::During authorization","Pendant l'autorisation"
"Customweb_BNPMercanetCw::During the checkou a 3D secure authentication may be done. With this setting you can by control, if this authorization should be done or not. You may have a higher fraud ration without 3D secure.","Pendant l'authentification vous pouvez activer le 3D Secure. Avec ce réglage, vous pouvez contrôler, si l'autorisation 3D Secure doit être fait ou pas. Vous pouvez avoir un risque de fraude plus élevé sans 3D Secure."
"Customweb_BNPMercanetCw::ECard","ECard"
"Customweb_BNPMercanetCw::Edit","Modifier"
"Customweb_BNPMercanetCw::Edit Invoice %s","Éditer la facture %s"
"Customweb_BNPMercanetCw::Email Address","E-mail"
"Customweb_BNPMercanetCw::Empty version number field name","Nom de champ de numéro de version vide"
"Customweb_BNPMercanetCw::Enable or disable logging.","Activer ou désactiver le logging."
"Customweb_BNPMercanetCw::Enable the configured payment plans for this method.","Activer le plan de paiement configuré pour cette méthode."
"Customweb_BNPMercanetCw::Enable the payment method","Activer le mode de paiement"
"Customweb_BNPMercanetCw::Enabled","Activé"
"Customweb_BNPMercanetCw::Enter here the live merchant ID. This merchant ID is used only when the live operation mode is used.","Insérez ici l'ID du marchand productif. Cet ID de commerçant est utilisée uniquement lorsque le mode productif est activé."
"Customweb_BNPMercanetCw::Enter here the live secret key version. You can get the secret key version from the extranet. This secret key is used only when the live operation mode is used.","Saisissez ici la version de la clé secrète en mode production. Vous pouvez obtenir la version de la clé secrète depuis l'extranet. Cette clé secrète est utilisée seulement lorsque le mode production est utilisé."
"Customweb_BNPMercanetCw::Enter here the live secret key. You can get the secret key from the extranet. This secret key is used only when the live operation mode is used. The secret key is used to sign the request done to BNP Paribas Mercanet.","Saisissez ici la clé secrète pour le mode production. Vous pouvez obtenir la clé secrète depuis l'extranet. Cette clé secrète est utilisée seulement lorsque le mode production est utilisé. La clé secrète est utilisée pour signer la requête chez BNP Paribas Mercanet."
"Customweb_BNPMercanetCw::Enter the Merchant ID that you find under <a href='https://mercanet-telechargement.bnpparibas.net'>https://mercanet-telechargement.bnpparibas.net</a> (Secret key on the right upper corner). The login details are provided by BNP Paribas Mercanet.","Insérez le Merchant ID que vous trouverez sous <a href='https://mercanet-telechargement.bnpparibas.net'> https://mercanet-telechargement.bnpparibas.net </a> (Secret Key en haut à droite). Les informations de connexion sont fournies par BNP Paribas Mercanet."
"Customweb_BNPMercanetCw::Enter the date on which your card expires.","Veuillez sélectionner la date d’expiration"
"Customweb_BNPMercanetCw::Error connecting to BNP Paribas Mercanet. Reason: !message","Erreur de connexion à BNP Paribas Mercanet. Cause: !message"
"Customweb_BNPMercanetCw::Error with the length of the validation date.","Erreur avec la longueur de la date de validation."
"Customweb_BNPMercanetCw::Excl. Tax","Excl. impôt"
"Customweb_BNPMercanetCw::Expiry Date","Date d'expiration de la carte"
"Customweb_BNPMercanetCw::External Checkout","Vérification externe"
"Customweb_BNPMercanetCw::External Checkout: Guest Checkout","Validation externe : Guest Checkout"
"Customweb_BNPMercanetCw::Failed","Raté"
"Customweb_BNPMercanetCw::Failed payment authorization.","L'autorisation a été refusée."
"Customweb_BNPMercanetCw::Failed to send request to remote server. Expect to receive response code 200, receive code !code. Status Message: !message","Échec de l'envoi demande au serveur distant. Attendez à recevoir le code de réponse 200, le code: !code. Message: !message"
"Customweb_BNPMercanetCw::Figure !number:","Image !number:"
"Customweb_BNPMercanetCw::First","First"
"Customweb_BNPMercanetCw::Foreign Bin Card","Foreign Bin Card"
"Customweb_BNPMercanetCw::Forgot Your Password?","Vous avez oublié votre mot de passe?"
"Customweb_BNPMercanetCw::Forgot your password?","Mot de passe oublié?"
"Customweb_BNPMercanetCw::Get Update","Mettre à jour"
"Customweb_BNPMercanetCw::Grey Card","Grey Card"
"Customweb_BNPMercanetCw::Grey IP","Grey IP"
"Customweb_BNPMercanetCw::Here you can insert an order prefix. The prefix allows you to change the order number that is transmitted to Authorize.net. The prefix must contain the tag {id}. It will then be replaced by the order number (e.g. name_{id}).","Ici vous pouvez insérer un préfixe de la commande. Le préfixe vous permet de changer le numéro de commande qui est transmis à BNP Paribas Mercanet. Le préfixe doit contenir le tag {id}. Il sera ensuite remplacé par le numéro de commande (par exemple name-{id}). Assurez-vous de ne pas utiliser '_'."
"Customweb_BNPMercanetCw::Here you can insert an transaction reference prefix. The prefix allows you to change the order number that is transmitted to BNP Paribas Mercanet. The prefix must contain the tag {id}. It will then be replaced by the order number (e.g. name_{id}).","Ici vous pouvez insérer un préfixe de la commande. Le préfixe vous permet de changer le numéro de commande qui est transmis à BNP Paribas Mercanet. Le préfixe doit contenir le tag {id}. Il sera ensuite remplacé par le numéro de commande (par exemple name-{id}). Assurez-vous de ne pas utiliser '_'."
"Customweb_BNPMercanetCw::Hide","Masquer"
"Customweb_BNPMercanetCw::IBAN","IBAN"
"Customweb_BNPMercanetCw::IBAN number","Número du compte bancaire"
"Customweb_BNPMercanetCw::IP Country","IP Country"
"Customweb_BNPMercanetCw::If a product is in stock only once and the payment of the customer ordering this product fails or is aborted, it won't be available until the order is canceled (see timeout option below). Enable this setting to cancel the customer's pending orders when he returns to the cart page and a product is not available anymore.","S'il y a qu'une seule pièce de l'article en stock et le paiement du client échoue ou est annulé, cette article ne sera pas disponible jusqu'à que la commande soit annulée (option 'timeout' en bas). Activez cette option si vous voulez que l'article ne soit pas réservé. La commande sera donc annulée immédiatement."
"Customweb_BNPMercanetCw::If a product is in stock only once and the payment of the customer ordering this product fails or is aborted, it won't be available until the order is canceled (see timeout option below). Enable this setting to cancel the customer's pending orders when he returns to the cart page and a product is not available anymore. Be careful though: If you enable this option, there is a chance that payments are made with the corresponding order being already canceled.","Si un produit est en stock qu'une seule fois et le paiement de la commande du client ce produit échoue ou est abandonnée, il ne sera pas disponible jusqu'à ce que la commande est annulée (voir option de temporisation ci-dessous). Activez ce paramètre pour annuler les commandes en attente du client quand il revient à la page de panier et un produit ne sont plus disponible. Attention: Si vous activez cette option, il ya une chance que les paiements sont faits avec la commande correspondante étant déjà annulé."
"Customweb_BNPMercanetCw::If an order total is below the specified amount, it will be processed without 3d Secure.","If an order total is below the specified amount, it will be processed without 3d Secure."
"Customweb_BNPMercanetCw::If an order total is below the specified amount, it will be processed without the Black Card check.","If an order total is below the specified amount, it will be processed without the Black Card check."
"Customweb_BNPMercanetCw::If an order total is below the specified amount, it will be processed without the Corporate Card check.","If an order total is below the specified amount, it will be processed without the Corporate Card check."
"Customweb_BNPMercanetCw::If an order total is below the specified amount, it will be processed without the ECard check.","If an order total is below the specified amount, it will be processed without the ECard check."
"Customweb_BNPMercanetCw::If an order total is below the specified amount, it will be processed without the Expiry Date check.","If an order total is below the specified amount, it will be processed without the Expiry Date check."
"Customweb_BNPMercanetCw::If an order total is below the specified amount, it will be processed without the Foreign Bin Card check.","If an order total is below the specified amount, it will be processed without the Foreign Bin Card check."
"Customweb_BNPMercanetCw::If an order total is below the specified amount, it will be processed without the Grey Card check.","If an order total is below the specified amount, it will be processed without the Grey Card check."
"Customweb_BNPMercanetCw::If an order total is below the specified amount, it will be processed without the Grey IP check.","If an order total is below the specified amount, it will be processed without the Grey IP check."
"Customweb_BNPMercanetCw::If an order total is below the specified amount, it will be processed without the IP Country check.","If an order total is below the specified amount, it will be processed without the IP Country check."
"Customweb_BNPMercanetCw::If an order total is below the specified amount, it will be processed without the Max Card Per CustomerId check.","If an order total is below the specified amount, it will be processed without the Max Card Per CustomerId check."
"Customweb_BNPMercanetCw::If an order total is below the specified amount, it will be processed without the Max CustomerId Per Card check.","If an order total is below the specified amount, it will be processed without the Max CustomerId Per Card check."
"Customweb_BNPMercanetCw::If an order total is below the specified amount, it will be processed without the Simility IP Card check.","If an order total is below the specified amount, it will be processed without the Simility IP Card check."
"Customweb_BNPMercanetCw::If an order total is below the specified amount, it will be processed without the Systematic Authorization Card check.","If an order total is below the specified amount, it will be processed without the Systematic Authorization Card check."
"Customweb_BNPMercanetCw::If an order total is below the specified amount, it will be processed without the Velocity Card check.","If an order total is below the specified amount, it will be processed without the Velocity Card check."
"Customweb_BNPMercanetCw::If an order total is below the specified amount, it will be processed without the Velocity Customer Id check.","If an order total is below the specified amount, it will be processed without the Velocity Customer Id check."
"Customweb_BNPMercanetCw::If an order total is below the specified amount, it will be processed without the Velocity IP check.","If an order total is below the specified amount, it will be processed without the Velocity IP check."
"Customweb_BNPMercanetCw::If an order total is below the specified amount, it will be processed without the White Card check.","If an order total is below the specified amount, it will be processed without the White Card check."
"Customweb_BNPMercanetCw::If it is not applicable leave the field empty.","Si ce n'est pas applicable veuillez laisser le champ vide."
"Customweb_BNPMercanetCw::If the status is 'Pending' it is unclear whether the transaction will be cancelled successfully.","Si l'état est 'En attente', il est difficile de savoir si la transaction sera annulée avec succès."
"Customweb_BNPMercanetCw::If the status is 'Pending' it is unclear whether the transaction will be captured successfully.","Si l'état est 'En attente', il est difficile de savoir si la transaction sera capturé avec succès."
"Customweb_BNPMercanetCw::If the status is 'Pending' it is unclear whether the transaction will be refunded successfully.","Si l'état est 'En attente', il est difficile de savoir si l'opération sera remboursé avec succès."
"Customweb_BNPMercanetCw::If the test mode is selected the test account is used. Otherwise the configured account is used.","Si le mode de test est sélectionné, le compte test sera utilisé. Sinon, le compte configuré sera utilisé."
"Customweb_BNPMercanetCw::If you have any issues with the module please feel free to contact us. See our <a href='https://www.sellxed.com/en/support' target='_blank'>support page</a> for more information.","Si vous avez des problèmes avec le module, n'hésitez pas à nous contacter. Consultez notre <a href='https://www.sellxed.com/en/support' target='_blank'>page d'assistance</a> pour plus d'informations."
"Customweb_BNPMercanetCw::If you select this checkbox, the payment will be captured at the PSP and you can not add additional captures.","En cliquant sur la case, la commande sera capturée chez le prestataire de services de paiement. Il ne sera pas possible de faire d’autres captures."
"Customweb_BNPMercanetCw::If you would like to use recurring payments, you need our magento module ""Customweb Subscription"". For further information go to <a href=""http://www.sellxed.com/shop/"" target=""_blank"">sellxed.com</a>.","Si vous souhaitez utiliser les paiements récurrents, vous avez besoin de notre module de Magento 'Customweb Subscription'. Pour plus d'informations, veuillez aller sur <a href=""http://www.sellxed.com/shop/"" target=""_blank"">sellxed.com</a>."
"Customweb_BNPMercanetCw::Image Brand Selection","Image Brand Selection"
"Customweb_BNPMercanetCw::In simulation mode the general merchant ID on the simulation plattform is used. In simulation mode the test cards must be used. After you received the merchant ID you should switch to live mode.","En mode simulation, l'ID générale du commerçant de simulation sera utilisé. En mode simulation les cartes de test doivent être utilisées. Après avoir reçu l'ID du commerçant productif, vous devez passer en mode productif."
"Customweb_BNPMercanetCw::In some cases it may take a few seconds until the transaction is successfully authorized. When this option is enabled, the notification is awaited.","Dans certains cas, il peut prendre quelques secondes jusqu'à ce que la transaction soit autorisée avec succès. Lorsque cette option est activée, la boutique attendra la notification quelques secondes."
"Customweb_BNPMercanetCw::In some cases the transaction requires a few seconds until it is successfully authorized. When this option is enabled the user is hold until the transaction reach the final state. If this is not the case in 30 seconds a message is shown to the customer, which explains the situation.","Dans certains cas, l'opération nécessite quelques secondes jusqu'à ce qu'elle est autorisée avec succès. Lorsque cette option est activée l'utilisateur est en attente jusqu'à ce que celle-ci atteigne l'état final. Si ce n'est pas le cas en 30 secondes, un message s'affiche pour le client, qui explique la situation."
"Customweb_BNPMercanetCw::Inactive","Inactif"
"Customweb_BNPMercanetCw::Incl. Tax","Incl. TVA"
"Customweb_BNPMercanetCw::Information","Information"
"Customweb_BNPMercanetCw::Invalid login or password.","Nom d'utilisateur inexistant ou mauvais mot de passe."
"Customweb_BNPMercanetCw::Invoice Items","Eléments de la facture"
"Customweb_BNPMercanetCw::Invoice Settlement","Le règlement des factures"
"Customweb_BNPMercanetCw::Invoice Totals","Totaux facture"
"Customweb_BNPMercanetCw::Invoice settlement","Génération de la facture"
"Customweb_BNPMercanetCw::Invoice was created successfully","La facture a été créée avec succès"
"Customweb_BNPMercanetCw::Invoices","Factures"
"Customweb_BNPMercanetCw::Is this plan active for this store.","Is this plan active for this store."
"Customweb_BNPMercanetCw::Issue Number","Numéro"
"Customweb_BNPMercanetCw::It is not possible to checkout in your country.","Paiements de ce pays ne seront pas acceptés."
"Customweb_BNPMercanetCw::Item","Article"
"Customweb_BNPMercanetCw::Items","Articles"
"Customweb_BNPMercanetCw::Items Refunded","Articles Remboursé"
"Customweb_BNPMercanetCw::JCB","JCB"
"Customweb_BNPMercanetCw::Live HMAC Key","Live HMAC Key"
"Customweb_BNPMercanetCw::Live Identifier (PBX_IDENTIFIANT)","Live identifiant (PBX_IDENTIFIANT)"
"Customweb_BNPMercanetCw::Live Key Version not configured.","Live Key Version not configured."
"Customweb_BNPMercanetCw::Live Key not configured.","Live Key not configured."
"Customweb_BNPMercanetCw::Live Merchant ID","Live Merchant ID"
"Customweb_BNPMercanetCw::Live Merchant ID not configured.","Live Merchant ID not configured."
"Customweb_BNPMercanetCw::Live Mode","Live Mode"
"Customweb_BNPMercanetCw::Live Password","Mot de passe live"
"Customweb_BNPMercanetCw::Live Rang (PBX_RANG)","Live Rang (PBX_RANG)"
"Customweb_BNPMercanetCw::Live Secret Key","Live Secret Key"
"Customweb_BNPMercanetCw::Live Secret Key Version","Live Secret Key Version"
"Customweb_BNPMercanetCw::Live Site ID (PBX_SITE)","Live Site ID (PBX_SITE)"
"Customweb_BNPMercanetCw::Logging","Logging"
"Customweb_BNPMercanetCw::Login","Login"
"Customweb_BNPMercanetCw::Login & Register","Login & Inscription"
"Customweb_BNPMercanetCw::Login and password are required.","Login et mot de passe sont requis."
"Customweb_BNPMercanetCw::Maestro","Maestro"
"Customweb_BNPMercanetCw::Mail order/telephone order authorization","Authentification par e-mail / téléphone"
"Customweb_BNPMercanetCw::Manage Stores","Gérer Magasins"
"Customweb_BNPMercanetCw::Manage BNP Paribas Mercanet Aliases","Gérer les Alias BNP Paribas Mercanet"
"Customweb_BNPMercanetCw::MasterCard","MasterCard"
"Customweb_BNPMercanetCw::Max Card Per CustomerId","Max Card Per CustomerId"
"Customweb_BNPMercanetCw::Max CustomerId Per Card","Max CustomerId Per Card"
"Customweb_BNPMercanetCw::Maximum Amount","Maximum Amount"
"Customweb_BNPMercanetCw::Maximum Order Total","Montant de commande maximal"
"Customweb_BNPMercanetCw::Maximum order amount for this plan.","Maximum order amount for this plan."
"Customweb_BNPMercanetCw::Message","Message"
"Customweb_BNPMercanetCw::Method Title","Titre de la méthode"
"Customweb_BNPMercanetCw::Minimum Amount","Minimum Amount"
"Customweb_BNPMercanetCw::Minimum Order Total","Montant de commande minimal"
"Customweb_BNPMercanetCw::Minimum order amount for this plan.","Minimum order amount for this plan."
"Customweb_BNPMercanetCw::Month","Mois"
"Customweb_BNPMercanetCw::Must be bigger than 0 and smaller than 100","Must be bigger than 0 and smaller than 100"
"Customweb_BNPMercanetCw::Must be bigger than 1 and smaller than 31","Must be bigger than 1 and smaller than 31"
"Customweb_BNPMercanetCw::Must be bigger than the minimum","Must be bigger than the minimum"
"Customweb_BNPMercanetCw::Must been between 2 and 4","Must been between 2 and 4"
"Customweb_BNPMercanetCw::Must not be negative","Must not be negative"
"Customweb_BNPMercanetCw::My BNP Paribas Mercanet Aliases","Mes Alias BNP Paribas Mercanet"
"Customweb_BNPMercanetCw::Name","Nom"
"Customweb_BNPMercanetCw::Name visible to the customer.","Name visible to the customer."
"Customweb_BNPMercanetCw::New Order","Nouvelle commande"
"Customweb_BNPMercanetCw::New Order Status","Nouvel statut de commande"
"Customweb_BNPMercanetCw::New card","Nouvelle carte"
"Customweb_BNPMercanetCw::Next Update Execution Date","Prochaine mise à jour"
"Customweb_BNPMercanetCw::No","Non"
"Customweb_BNPMercanetCw::No Items","Pas d'objet"
"Customweb_BNPMercanetCw::No additional payment information available.","Aucune information de paiement supplémentaire est disponible."
"Customweb_BNPMercanetCw::No authorization method found for payment method !method.","Aucun mode d'autorisation trouvé pour le mode de paiement !method."
"Customweb_BNPMercanetCw::No button returned.","Pas de bouton retourné."
"Customweb_BNPMercanetCw::No refund possible.","Remboursement n'est pas possible"
"Customweb_BNPMercanetCw::No response code returned","Pas de code de réponse retourné"
"Customweb_BNPMercanetCw::No shipping method needed.","Aucun mode de livraison nécessaire."
"Customweb_BNPMercanetCw::No, use the dropdown.","Utiliser le menu déroulant"
"Customweb_BNPMercanetCw::Number of payments","Number of payments"
"Customweb_BNPMercanetCw::Only an authorized transaction can be marked as finally declined.","Seulement une transaction autorisée peut être marquée comme finalement déclinée."
"Customweb_BNPMercanetCw::Only an uncertain transaction can be marked as finally declined.","Seulement une transaction incertaine peut être marquée comme déclinée."
"Customweb_BNPMercanetCw::Only authorized transaction can be cancelled.","Seulement les transactions autorisées peuvent être annulées."
"Customweb_BNPMercanetCw::Only authorized transaction can be captured.","Seulement les transactions autorisées peuvent être comptabilisées."
"Customweb_BNPMercanetCw::Only authorized transaction can be refunded.","Seulement les transactions autorisées peuvent être remboursées"
"Customweb_BNPMercanetCw::Only captured transaction can be refunded.","Seulement les transaction comptabilisées peuvent être remboursées."
"Customweb_BNPMercanetCw::Only on captured transaction the flag customer refusing to pay can be set.","Il est seulement possible de définir un indicateur pour les clients qui n'ont pas payé sur les transactions capturées."
"Customweb_BNPMercanetCw::Operation Mode","Mode de fonctionnement"
"Customweb_BNPMercanetCw::Order #","Numéro de commande"
"Customweb_BNPMercanetCw::Order Grand Total","Total de l'ordre"
"Customweb_BNPMercanetCw::Order Information","Informations sur la commande"
"Customweb_BNPMercanetCw::Order Prefix","Préfixe pour la commande"
"Customweb_BNPMercanetCw::Order Review","Revue de la commande"
"Customweb_BNPMercanetCw::Order Summary","Résumé de la commande"
"Customweb_BNPMercanetCw::Order Total","Total de la commande"
"Customweb_BNPMercanetCw::Order cancelled, because the customer was too long in the payment process of BNP Paribas Mercanet.","la commande a été annulée, parce que le client était trop long dans le processus de paiement de BNP Paribas Mercanet"
"Customweb_BNPMercanetCw::Order was placed using %s","Commande a été passée à l'aide de %s"
"Customweb_BNPMercanetCw::Orders","Commandes"
"Customweb_BNPMercanetCw::Orders with with payments that are longer pending than the specified timeout in minutes are cancelled automatically.","Les commandes où les paiements sont suspendu plus longtemps que le timeout spécifié en minutes seront anullées automatiquement."
"Customweb_BNPMercanetCw::Paid Amount","Montant payé"
"Customweb_BNPMercanetCw::Partial refund not possible. You may retry with the total transaction amount.","Remboursement partiel n'est pas possible. Le montant est supérieur au montant total."
"Customweb_BNPMercanetCw::Password","Mot de passe"
"Customweb_BNPMercanetCw::Password and password confirmation are not equal.","Mot de passe et confirmation du mot de passe ne sont pas pareils."
"Customweb_BNPMercanetCw::Pay with ____paymentMethodName____","Payer avec ____paymentMethodName____"
"Customweb_BNPMercanetCw::Payment","Paiement"
"Customweb_BNPMercanetCw::Payment ID","ID de paiement"
"Customweb_BNPMercanetCw::Payment Id","Payment ID"
"Customweb_BNPMercanetCw::Payment Information","Conditions de vente"
"Customweb_BNPMercanetCw::Payment Method","Mode de paiement"
"Customweb_BNPMercanetCw::Payment Plan","Payment Plan"
"Customweb_BNPMercanetCw::Payment Plan selected, but not activated for this method.","Payment Plan selected, but not activated for this method."
"Customweb_BNPMercanetCw::Payment Plans","Payment Plans"
"Customweb_BNPMercanetCw::Payment captured successfully.","Paiement a réussi à capturer."
"Customweb_BNPMercanetCw::Payment could not be authorized. Cancelling order. Reason :","Le paiement ne peut être autorisée. Commande annulée. Raison:"
"Customweb_BNPMercanetCw::Payment details can be entered after placing the order","Détails de paiement peuvent être insérés après avoir placé la commande"
"Customweb_BNPMercanetCw::Payment from Applicable Countries","Paiement des pays applicables"
"Customweb_BNPMercanetCw::Payment from Specific Countries","Paiement des pays spécifiques"
"Customweb_BNPMercanetCw::Payment from applicable countries","Paiement des pays applicables"
"Customweb_BNPMercanetCw::Payment from specific countries","Paiement des pays spécifiques"
"Customweb_BNPMercanetCw::Payment is pending at BNPMercanetCw","Payment en attente chez BNPMercanetCw"
"Customweb_BNPMercanetCw::Payment method description","Déscription du mode de paiement"
"Customweb_BNPMercanetCw::Payment n-Fois","Payment n-Fois"
"Customweb_BNPMercanetCw::Payment plan not available for this amount.","Payment plan not available for this amount."
"Customweb_BNPMercanetCw::Payment plan with errors selected. Please contact the merchant.","Payment plan with errors selected. Please contact the merchant."
"Customweb_BNPMercanetCw::Payment with %s","Paiement avec %s"
"Customweb_BNPMercanetCw::Payment with BNP Paribas Mercanet","Paiement avec  BNP Paribas Mercanet"
"Customweb_BNPMercanetCw::Payments may be updated periodically (interval in minutes). To use this feature you have to setup magento cron","Les paiements peuvent être actualisés automatiquement (interval en minutes) via API (si activé). Pour utiliser ce fonctionnement il faut configurer un cron pour Magento."
"Customweb_BNPMercanetCw::Pending","En attente"
"Customweb_BNPMercanetCw::Pending BNPMercanetCw","BNPMercanetCw En attente"
"Customweb_BNPMercanetCw::Percentage of the order amount which is charged with the first payment. The residual amount is distributed equally among the remaining payments.","Percentage of the order amount which is charged with the first payment. The residual amount is distributed equally among the remaining payments."
"Customweb_BNPMercanetCw::Period","Period"
"Customweb_BNPMercanetCw::Place Order","Soumettre la commande"
"Customweb_BNPMercanetCw::Please agree to all the terms and conditions before placing the order.","Veuillez accepter les conditions générales avant de passer la commande."
"Customweb_BNPMercanetCw::Please check the entered CVC number.","Veuillez vérifier le numéro CVC entré."
"Customweb_BNPMercanetCw::Please check the entered credit card number.","Veuillez vérifier le numéro de carte de crédit indiqué."
"Customweb_BNPMercanetCw::Please enter here the Bank Identifier Code (BIC).","Veuillez insérer ici le code d'identification de banque (BIC)."
"Customweb_BNPMercanetCw::Please enter here the CVC code from your card. You find the code on the back of the card.","Insérez le code de sécurité de la carte. Vous le trouverez à l’arrière de la carte"
"Customweb_BNPMercanetCw::Please enter here the International Bank Account Number (IBAN).","Veuillez insérer l'IBAN de votre compte banquaire."
"Customweb_BNPMercanetCw::Please enter here the account holder name on the card.","Veuillez insérer ici le nom du titulaire de la carte."
"Customweb_BNPMercanetCw::Please enter here the account holder name.","Veuillez insérer ici le nom du titulaire du compte."
"Customweb_BNPMercanetCw::Please enter here the account number of your bank account.","Veuillez insérer l'IBAN de votre compte banquaire."
"Customweb_BNPMercanetCw::Please enter here the bank code of your bank.","Veuillez insérer le code de votre banque."
"Customweb_BNPMercanetCw::Please enter here the card holder name on the card.","Veuillez insérer le nom du titulaire de la carte"
"Customweb_BNPMercanetCw::Please enter here the commercial number of your company.","Il faut insérer le numéro de commerce de votre entreprise."
"Customweb_BNPMercanetCw::Please enter here the name of the account owner.","Vous devez insérer le titulaire de compte"
"Customweb_BNPMercanetCw::Please enter here the number on your card.","Veuillez insérer le numéro de carte bancaire."
"Customweb_BNPMercanetCw::Please enter here the sales tax number of your company.","Veuillez insérer ici le numéro de taxe de vente de votre entreprise."
"Customweb_BNPMercanetCw::Please enter here your social security number.","Veuillez insérer votre numéro de sécurité sociale."
"Customweb_BNPMercanetCw::Please enter the location of your bank.","Vous devez insérer le lieu de votre banque."
"Customweb_BNPMercanetCw::Please enter the name of your bank.","Veuillez insérer ici le nom de votre banque."
"Customweb_BNPMercanetCw::Please enter your IBAN number.","Veuillez insérer votre numéro IBAN."
"Customweb_BNPMercanetCw::Please enter your issue number, if there is no CVC code on your card.","Veuillez insérer votre numéro, s'il n'y a pas de code CVC de votre carte."
"Customweb_BNPMercanetCw::Please flash or disable the cache storage and retry. If this did not help, change the authorization method to PaymentPage and <a href=""%s"" target=""_blank"">contact sellxed</a>.","Veuillez vider ou désactiver votre cache et essayer à nouveau. Si cela n'aide pas à résoudre le problème, veuillez changer la méthode d'autorisation à Payment Page et <a href=""%s"" target=""_blank"">contactez le support sellxed</a>."
"Customweb_BNPMercanetCw::Please flash or disable the cache storage and retry. If this did not help, change the authorization method to PaymentPage and <a href=""%s"" target=""_blank"">contact sellxed</a>.', 'http://www.sellxed.com/en/support","Veuillez vider votre cache et essayer à nouveau. Si cela n'aide pas à résoudre le problème, changez la méthode d'autorisation à Payment Page et <a href=""%s"" target=""_blank"">contactez le support sellXed.</a>.', 'http://www.sellxed.com/en/support"
"Customweb_BNPMercanetCw::Please flush or disable the cache storage and retry. If this did not help, change the authorization method to PaymentPage and <a href=""%s"" target=""_blank"">contact sellxed</a>.","Veuillez vider ou désactiver le cache et veuillez essayer à nouveau. Si cela n'aide pas à résoudre le problème, changez la méthode d'autorisation sur PaymentPage et contactez <a href=""%s"" target=""_blank"">sellxed</a>."
"Customweb_BNPMercanetCw::Please log in below:","Merci de vous identifier:"
"Customweb_BNPMercanetCw::Please select","Sélectionner s'il vous plaît"
"Customweb_BNPMercanetCw::Please select a shipping method before sending the order.","Sélectionnez un mode de livraison avant d'envoyer la commande."
"Customweb_BNPMercanetCw::Please select the Bank Identifier Code (BIC) of your bank.","Veuillez sélectionner le code d'identification de votre banque. (BIC)"
"Customweb_BNPMercanetCw::Please select the day of your birth.","Veuillez sélectionner le jour de votre naissance."
"Customweb_BNPMercanetCw::Please select the expiry month on your card.","Sélectionnez le mois de l'expiration de votre carte"
"Customweb_BNPMercanetCw::Please select the expiry year on your card.","Veuillez insérer la date d'expiration de la carte."
"Customweb_BNPMercanetCw::Please select the month of your birth.","Veuillez sélectionner le mois de votre date de naissance."
"Customweb_BNPMercanetCw::Please select the the year of your birth.","Veuillez  sélectionner l'année de votre date de naissance."
"Customweb_BNPMercanetCw::Please wait, processing your order...","Veuillez patienter, le traitement de votre commande..."
"Customweb_BNPMercanetCw::Price","Prix"
"Customweb_BNPMercanetCw::Product","Produit"
"Customweb_BNPMercanetCw::Product Name","Nom du produit"
"Customweb_BNPMercanetCw::Purchase Point","Lieu d'achat"
"Customweb_BNPMercanetCw::Qty","Quantité"
"Customweb_BNPMercanetCw::Recurring Payments","Paiements récurrents"
"Customweb_BNPMercanetCw::Refund Amount","Montant du remboursement"
"Customweb_BNPMercanetCw::Refund ID","ID de remboursement"
"Customweb_BNPMercanetCw::Refund amount","Montant du remboursement"
"Customweb_BNPMercanetCw::Refund information","Information de remboursement"
"Customweb_BNPMercanetCw::Refund status","Statut de remboursement"
"Customweb_BNPMercanetCw::Refunded Amount","Montant du remboursement"
"Customweb_BNPMercanetCw::Refunds","Remboursements"
"Customweb_BNPMercanetCw::Refused Payments after uncertain","Paiement rejeté"
"Customweb_BNPMercanetCw::Register","Inscrivez-vous"
"Customweb_BNPMercanetCw::Register to Create an Account","S'inscrire pour créer un compte"
"Customweb_BNPMercanetCw::Register with us for future convenience:","Inscrivez-vous chez nous pour plus de commodité dans l'avenir:"
"Customweb_BNPMercanetCw::Release Date","Date de sortie"
"Customweb_BNPMercanetCw::Reset","Réinitialiser"
"Customweb_BNPMercanetCw::Response Code","Code de réponse"
"Customweb_BNPMercanetCw::Review","Review"
"Customweb_BNPMercanetCw::Risk Management","Risk Management"
"Customweb_BNPMercanetCw::Rounding Adjustment","Ajustements d'arrondi"
"Customweb_BNPMercanetCw::Row Total","Total de la ligne"
"Customweb_BNPMercanetCw::SEPA Mandate ID","SEPA Mandate ID"
"Customweb_BNPMercanetCw::SKU:","SKU:"
"Customweb_BNPMercanetCw::Sales","Ventes"
"Customweb_BNPMercanetCw::Sales Tax Number","Numéro de taxe de vente"
"Customweb_BNPMercanetCw::Save","Sauvegarder"
"Customweb_BNPMercanetCw::Saved cards:","Cartes enregistrées:"
"Customweb_BNPMercanetCw::See order and shipping status","Voir le statut de la commande et le statut de livraison"
"Customweb_BNPMercanetCw::Select Brand","Sélectionnez le type de la carte"
"Customweb_BNPMercanetCw::Select Method","Sélectionner la méthode"
"Customweb_BNPMercanetCw::Select the authorization method to use for processing this payment method.","Sélectionnez un mode d'autorisation pour le traitement de ce mode de paiement."
"Customweb_BNPMercanetCw::Select the date of your birth.","Veuillez sélectionner votre date de naissance."
"Customweb_BNPMercanetCw::Select the date on which your card expires.","Séléctionnez la date d'expiration de la carte."
"Customweb_BNPMercanetCw::Send Invoice Email","Envoyer un e-mail avec la facture"
"Customweb_BNPMercanetCw::Send amounts to BNP Paribas Mercanet in base currency.","Envoyer des montants à  BNP Paribas Mercanet dans la devise de base."
"Customweb_BNPMercanetCw::Send amounts to BNP Paribas Mercanet in store's base currency.","Envoyer les montants à BNP Paribas Mercanet dans la devise de base de la boutique."
"Customweb_BNPMercanetCw::Send invoice email","Envoyer la facture"
"Customweb_BNPMercanetCw::Send the invoice email automatically after invoice creation.","Envoyer l'email de facture automatiquement après la création de la facture."
"Customweb_BNPMercanetCw::Set direct capture after order. In this case your authoization will directly be captured on your customer's credit card","Si vous séléctionnez 'Comptabilisation dirècte' le montant sera tout de suite débité de la carte du client. Si vous séléctionnez 'Comptabilisation retardée' le montant sera débité avec un certain temps défini par vous."
"Customweb_BNPMercanetCw::Set the sort order to show the external checkouts.","Définir l'ordre de montrer les checkouts externes."
"Customweb_BNPMercanetCw::Settlement after order","Génération après la commande"
"Customweb_BNPMercanetCw::Setup","Setup"
"Customweb_BNPMercanetCw::Shipping & Handling","Livraison"
"Customweb_BNPMercanetCw::Shipping Address","Adresse de livraison"
"Customweb_BNPMercanetCw::Shipping Amount","Montant des frais de livraison"
"Customweb_BNPMercanetCw::Shipping Information","Informations sur la livraison"
"Customweb_BNPMercanetCw::Shipping Method","Mode de livraison"
"Customweb_BNPMercanetCw::Shipping Methods","Modes de livraison"
"Customweb_BNPMercanetCw::Shipping Refund","Remboursement des frais de livraison"
"Customweb_BNPMercanetCw::Shop","Shop"
"Customweb_BNPMercanetCw::Short Installation Instructions:","Instructions d'installation:"
"Customweb_BNPMercanetCw::Should the amount be captured automatically after the order (direct) or should the amount only be reserved (deferred)?","Est-ce que le montant doit être comptabilisé automatiquement après la commande (direct) ou est-ce que le montant doit seulement être réservé (différé)?"
"Customweb_BNPMercanetCw::Show","Voir"
"Customweb_BNPMercanetCw::Show Account Selection","Voir la sélection de compte"
"Customweb_BNPMercanetCw::Show Further Settings and Information","Afficher plus de paramètres et d'informations"
"Customweb_BNPMercanetCw::Show Image","Afficher Image"
"Customweb_BNPMercanetCw::Show Payment Id","Afficher Payment ID"
"Customweb_BNPMercanetCw::Show the payment id","Présenter l'ID de paiement"
"Customweb_BNPMercanetCw::Show the payment id in the order information","Afficher l'ID de paiement dans le bon de commande"
"Customweb_BNPMercanetCw::Show the payment image","Montrer l'image de paiement"
"Customweb_BNPMercanetCw::Show the payment image on the checkout page","Montrer l'image de paiement sur la page de paiement"
"Customweb_BNPMercanetCw::Sign In","Connexion"
"Customweb_BNPMercanetCw::Simility IP Card","Simility IP Card"
"Customweb_BNPMercanetCw::Simulation Mode","Mode de simulation"
"Customweb_BNPMercanetCw::Single Payment","Single Payment"
"Customweb_BNPMercanetCw::Social Security Number","Numéro de sécurité sociale"
"Customweb_BNPMercanetCw::Sort Order","Ordre De Tri"
"Customweb_BNPMercanetCw::Status","Statut"
"Customweb_BNPMercanetCw::Store the payment details","Enregistrer les détails de paiement"
"Customweb_BNPMercanetCw::Stored payment details","Détails de paiement enregistrées"
"Customweb_BNPMercanetCw::Submit Order","Confirmer la commande"
"Customweb_BNPMercanetCw::Submitting order information...","Soumission des données de la commande..."
"Customweb_BNPMercanetCw::Subtotal","Sous-total"
"Customweb_BNPMercanetCw::Success","Succès"
"Customweb_BNPMercanetCw::Successful","Succès"
"Customweb_BNPMercanetCw::Successful Payments after uncertain","Paiement réussi (fraude possible)"
"Customweb_BNPMercanetCw::Successful online refund of amount","Remboursement en ligne réussie de montant"
"Customweb_BNPMercanetCw::Successful payment authorization.","Paiement autorisé"
"Customweb_BNPMercanetCw::Successfull online refund of amount","Remboursement en ligne réussie de montant"
"Customweb_BNPMercanetCw::Support","Support"
"Customweb_BNPMercanetCw::Systematic Authorization Card","Systematic Authorization Card"
"Customweb_BNPMercanetCw::Tax Amount","Montant de l'impôt"
"Customweb_BNPMercanetCw::Technical issue: This payment methods is not available at the moment.","Problème technique: Cette méthode de paiement n'est pas disponible en ce moment."
"Customweb_BNPMercanetCw::Test Mode","Mode test"
"Customweb_BNPMercanetCw::Test Transaction","Transaction de test"
"Customweb_BNPMercanetCw::The HMAC key as defined in the live backoffice of BNP Paribas Mercanet. You may need generate the HMAC key. Please take a look at the manual how to do this.","La clé HMAC tel que défini dans le backoffice de production de BNP Paribas Mercanet. Vous devrez peut-être générer la clé HMAC. Veuillez jeter un coup d'oeil sur le manuel pour savoir comment faire cela."
"Customweb_BNPMercanetCw::The SEPA mandate schema does not contain the tag '!tag'. This tag is required.","Le schéma de mandat SEPA ne contient pas le mot-clé '!tag'. Ce mot-clé est obligatoire."
"Customweb_BNPMercanetCw::The alias could not be found.","L'alias na pas été trouvé."
"Customweb_BNPMercanetCw::The alias has been deleted.","L'alias a été supprimé."
"Customweb_BNPMercanetCw::The alias transaction could not be conductet with error code: !code, and reason: !reason:","La transaction alias n'a pas pu être réalisée. Code d'erreur: !code et raison: !reason"
"Customweb_BNPMercanetCw::The amount could not be verified.","Le montant n'a pas pu être vérifié."
"Customweb_BNPMercanetCw::The amount is too high.","Le montant est trop élevé."
"Customweb_BNPMercanetCw::The amount of !amount is authorized.","Le montant de !amount est autorisé."
"Customweb_BNPMercanetCw::The amount of !amount is captured.","Le montant de !amount est capturé."
"Customweb_BNPMercanetCw::The authorisation is refused.","L'autorisation a été refusée."
"Customweb_BNPMercanetCw::The authorization method '!method' is not supported.","Le mode d'autorisation '!method' n'est pas accepté."
"Customweb_BNPMercanetCw::The authorization was not successful","Erreur d'autorisation. Autorisation sans succès."
"Customweb_BNPMercanetCw::The brand of the credit card is detected by the card number if hidden authorization is used. If the payment page is used, the user has to select the brand. The allowed credit card brands can be restricted by this setting.","Le type de la carte de crédit est détecté par le numéro de la carte si une autorisation cachée est utilisé. Si la page de paiement est utilisé, l'utilisateur doit sélectionner la marque. Les marques de cartes de crédit autorisés peuvent être limitées par ce paramètre."
"Customweb_BNPMercanetCw::The brand with external name '!key' was not present in the map.","La marque avec le nom externe '!key' n'était pas présent dans la carte."
"Customweb_BNPMercanetCw::The brand with key '!key' was not found in the card information map.","La marque '!key' n'a pas été trouvée dans les marques disponibles."
"Customweb_BNPMercanetCw::The calculated and returned seal do not match.","Le signature calculée et la signature retournée ne correspondent pas."
"Customweb_BNPMercanetCw::The calculated and the returned seal do not match.","Le signature calculée et la signature retournée ne correspondent pas."
"Customweb_BNPMercanetCw::The cancellation could not be conducted. Error code: !error.","L'annulation n'a pas pu être réalisée. Code d'erreur: !error."
"Customweb_BNPMercanetCw::The capture amount (!captureAmount) cannot be greater than the authorized amount (!authorizedAmount).","Le montant de comptabilisation (!captureAmount) ne peut pas être supérieur au montant autorisé (!authorizedAmount)."
"Customweb_BNPMercanetCw::The capture delay indicates how many day the transaction capture is delayed after the authorization.","Le délai de capture indique le nombre de jours que la capture de la transaction est retardée après l'autorisation."
"Customweb_BNPMercanetCw::The capture delay indicates how many days the transaction capture is delayed after the authorization.","Le retard de la comptabilitasion indique combien de jours après la comptabilitasion pour se produire."
"Customweb_BNPMercanetCw::The capture item with SKU '@sku' has a higher amount (@amountItem) as the original item (@amountOriginal).","L'élément de capture avec SKU '@sku' a un montant plus élevé (@amountItem) comme l'élément d'origine (@amountOriginal)."
"Customweb_BNPMercanetCw::The capture item with SKU '@sku' is not present in the original order.","L'élément de capture avec SKU '@sku' n'est pas présent dans la commande original."
"Customweb_BNPMercanetCw::The capturing could not be conducted. Error code: !error.","La capture n'a pas pu être réalisée. Code d'erreur: !error."
"Customweb_BNPMercanetCw::The card brand selection is automatically done depending on the entered card number. If no Javascript is active in the browser, a drop down is shown. In case JavaScript a the brand logos can be shown. Should the brand selection using images?","La sélection de la marque de la carte se fait automatiquement à partir du numéro de carte inséré. Si Javascript n'est pas actif dans le navigateur, un menu déroulant apparaît. Si JavaScript est activé, les logos de marques peuvent être affichées. Afficher les logos au lieu du menu déroulant?"
"Customweb_BNPMercanetCw::The configuration has been saved.","La configuration a été enregistrée."
"Customweb_BNPMercanetCw::The controller class '@controller' does not provide any method with annotation 'Customweb_Payment_Endpoint_Annotation_ExtractionMethod' and valid output.","Le contrôleur '@controller' ne fournit pas de méthode avec l'annotation 'Customweb_Payment_Endpoint_Annotation_ExtractionMethod' et de données valides."
"Customweb_BNPMercanetCw::The customer does not finish the payment with in the timeout.","Le client n'a pas fini le paiement dans le délai imparti."
"Customweb_BNPMercanetCw::The date of birth is required.","La date de naissance doit être indiquée."
"Customweb_BNPMercanetCw::The defined capture delay is not valid. It must be a positive integer.","Le délai de capture défini n'est pas valide. Il doit être un nombre entier positif."
"Customweb_BNPMercanetCw::The expiry date is invalid or the card is expired.","La date d'expiration est invalide ou la carte est expirée."
"Customweb_BNPMercanetCw::The gender is required.","Le sexe doit être spécifié."
"Customweb_BNPMercanetCw::The given CVC code has the wrong length.","Le code CVC inséré a une longeur incorecte."
"Customweb_BNPMercanetCw::The given card number has an invalid check sum.","Le numéro de carte donné a une somme de contrôle invalide."
"Customweb_BNPMercanetCw::The given card number has an invalid length.","Le numéro de carte inséré a une longueur invalide."
"Customweb_BNPMercanetCw::The given hmac key is empty.","La clé HMAC donnée est vide."
"Customweb_BNPMercanetCw::The given identifier is empty.","L'identificateur donné est vide."
"Customweb_BNPMercanetCw::The given password is empty.","Le mot de passe donné est vide."
"Customweb_BNPMercanetCw::The given rang is empty. It must be a nummeric value with length of two.","Le champ 'rang' donné est vide. Il doit être une valeur nummerique avec une longueur de deux."
"Customweb_BNPMercanetCw::The given rang is invalid. It must be a nummeric value with length of two.","Le champ 'rang' n'est pas valide. Il doit être une valeur numérique avec une longueur de deux."
"Customweb_BNPMercanetCw::The given site number is empty.","Le nombre de site donné est vide."
"Customweb_BNPMercanetCw::The identifier as defined in the backoffice of BNP Paribas Mercanet.","L'identifiant tel que défini dans le backoffice de BNP Paribas Mercanet."
"Customweb_BNPMercanetCw::The invoice could not be captured and processed by","La facture n'a pas pu être comptabilisée et traitée par BNP Paribas Mercanet."
"Customweb_BNPMercanetCw::The invoice could not be captured and processed. Reason:","La facture n'a pas pu être capturée et traitée. Raison:"
"Customweb_BNPMercanetCw::The invoice could not be found.","La facture n'a pas été trouvée."
"Customweb_BNPMercanetCw::The invoice has been changed.","La facture a été changé."
"Customweb_BNPMercanetCw::The invoice no longer exists.","La facture n'existe plus."
"Customweb_BNPMercanetCw::The layout does not contain the tag '!layout_tag'.","Le layout ne contient pas le mot-clé '!layout_tag'."
"Customweb_BNPMercanetCw::The next update execution date indicates when the next cron is run to update the transaction state.","La prochaine date d'exécution de mise à jour indique lorsque le cron suivant sera exécuté pour mettre à jour l'état de la transaction."
"Customweb_BNPMercanetCw::The notification contains no 'Data' field.","La notification ne contient pas de champ 'Data'."
"Customweb_BNPMercanetCw::The notification contains no 'Seal' field.","La notification ne contient pas de champ 'Seal'."
"Customweb_BNPMercanetCw::The notification contains no 'responseCode'.","La notification ne contient pas de 'responseCode'."
"Customweb_BNPMercanetCw::The number of attempts to enter the card number exceeded.","Le nombre de tentatives de saisie du numéro de carte a été dépassé."
"Customweb_BNPMercanetCw::The operation can not be performed. The transaction status does not allow this transaction or the operation is currenlty not possible.","L'opération ne peut être effectuée. Le statut de la transaction ne permet pas cette transaction ou l'opération est actuellement pas possible."
"Customweb_BNPMercanetCw::The operation was rejected by an unkown error.","L'opération a été rejetée par une erreur inconnue."
"Customweb_BNPMercanetCw::The order is not fully completed. Please contact the store owner.","Le paiement ne peut être effectué."
"Customweb_BNPMercanetCw::The parameters ""3DSIGNVAL"" was false.","Le paramètre ""3DSIGNVAL"" était faux."
"Customweb_BNPMercanetCw::The payment form will be displayed after submitting the order.","La forme de paiement sera affichée après avoir confirmé la commande."
"Customweb_BNPMercanetCw::The payment has been accepted.","Le paiement a été accepté"
"Customweb_BNPMercanetCw::The payment has been denied.","Le paiement a été refusé."
"Customweb_BNPMercanetCw::The payment method !paymentMethodName does not support the currency '!currency'.","La méthode de paiement !paymentMethodName ne supporte pas la devise '!currency'."
"Customweb_BNPMercanetCw::The payment method !paymentMethodName is not available in your country ('!country').","La méthode de paiement !paymentMethodName n'est pas disponible dans votre pays ('!country')."
"Customweb_BNPMercanetCw::The payment method name '!name' could not be mapped to a payment method class.","Le nom de la méthode de paiement '!name' n'a pas pu être mappé à une classe de méthode de paiement."
"Customweb_BNPMercanetCw::The payment update has been made.","La mise à jour de paiement a été effectué."
"Customweb_BNPMercanetCw::The provided bank details or the provided CVC is invlaid.","Les détails de la carte bancaire ou le code CVC n'est pas valide."
"Customweb_BNPMercanetCw::The provided signature does not match with the one calculated.","La signature fournie ne correspond pas à celle calculée."
"Customweb_BNPMercanetCw::The rang (PBX_RANG) as defined in the live backoffice of BNP Paribas Mercanet. It must be nummeric value with length two. In the backoffice it may be displayed as a three char value. You must truncate the first digit.","Le champ 'rang' (PBX_RANG) tel que défini dans le backoffice de production de BNP Paribas Mercanet. Il doit être nummeric avec deux caractères de long. Dans le backoffice il peut être affiché comme trois caractères. Vous devez tronquer le premier chiffre."
"Customweb_BNPMercanetCw::The refund item with SKU '@sku' has a higher amount (@amountItem) as the original item (@amountOriginal).","L'article de remboursement avec SKU '@sku' a un montant plus élevé (@amountItem) comme l'article d'origine (@amountOriginal)."
"Customweb_BNPMercanetCw::The refund item with SKU '@sku' is not present in the original order.","L'article de remboursement avec SKU '@sku' n'est pas présent dans la commande originale."
"Customweb_BNPMercanetCw::The refunding could not be conducted. Error code: !error.","Le remboursement n'a pas pu être réalisé. Code d'erreur: !error."
"Customweb_BNPMercanetCw::The reqeust is refused because it was treated as fraud.","La demande est refusée parce qu'elle était considérée comme une fraude."
"Customweb_BNPMercanetCw::The request failed because of invalid format in some field.","La demande a échoué en raison d'un format invalide dans une certaine case."
"Customweb_BNPMercanetCw::The request failed because of invalid parameters in the reqeust.","La demande a échoué en raison de paramètres incorrects dans la demande."
"Customweb_BNPMercanetCw::The response code returned by ____paymentServiceProvider____ after the authorization.","Le code de réponse retourné par ____paymentServiceProvider____ après l'autorisation."
"Customweb_BNPMercanetCw::The returned response code is '!code'.","Le code de réponse renvoyé est '!code'."
"Customweb_BNPMercanetCw::The security rules are not observed, hence the transaction is stopped.","Les règles de sécurité ne sont pas respectées, l'opération a été arrêtée."
"Customweb_BNPMercanetCw::The service is temporarily unavailable.","Le service est temporairement indisponible."
"Customweb_BNPMercanetCw::The shopping cart has been altered!","Le panier a été changé!"
"Customweb_BNPMercanetCw::The signature could not be verified.","La signature ne peut pas être vérifiée."
"Customweb_BNPMercanetCw::The site id (PBX_RANG) as defined in the backoffice of BNP Paribas Mercanet.","L'identifiant du site (PBX_RANG) tel que défini dans le backoffice de BNP Paribas Mercanet."
"Customweb_BNPMercanetCw::The time between two payments in days.","The time between two payments in days."
"Customweb_BNPMercanetCw::The timeframe is exceeded, hence the transaction is refused.","Le délai est dépassé, la transaction est refusée."
"Customweb_BNPMercanetCw::The total number of payments (2-4).","The total number of payments (2-4)."
"Customweb_BNPMercanetCw::The total refund amount (!totalRefundedAmount) cannot be greater than the captured amount (!capturedAmount).","Le montant total du remboursement (!totalRefundedAmount) ne peut pas être supérieur à la quantité capturée (!capturedAmount)."
"Customweb_BNPMercanetCw::The transaction cannot be cancelled online.","La transaction ne peut être annulée en ligne."
"Customweb_BNPMercanetCw::The transaction cannot be captured online.","La transaction ne peut être capturée en ligne"
"Customweb_BNPMercanetCw::The transaction cannot be refunded online.","La transaction ne peut être remboursé en ligne."
"Customweb_BNPMercanetCw::The transaction failed with error code !code.","L'opération a échoué avec le code d'erreur: !code."
"Customweb_BNPMercanetCw::The transaction is a duplicated of an other transaction. Therefore it is refused.","La transaction est une duplication d'une autre transaction. Par conséquent, elle est refusée."
"Customweb_BNPMercanetCw::The transaction is only executed in the test system. The goods should not be delivered.","La transaction a est exécutée uniquement dans le système de test. Les produits ne doivent pas être livrés."
"Customweb_BNPMercanetCw::The transaction is pending.","La transaction est en cours."
"Customweb_BNPMercanetCw::The transaction reference was not found in the remote system.","La référence de la transaction n'a pas été trouvé dans le système distant."
"Customweb_BNPMercanetCw::The transaction update feature is not active on this account","The transaction update feature is not active on this account"
"Customweb_BNPMercanetCw::The transaction was canceld by the customer.","L'opération a été annulée par l'utilisateur."
"Customweb_BNPMercanetCw::The validation time indicates how many days the authorization is valid. It has to be captured in this time period","Le temps de validation indique combien de jours l'autorisation est valide. Il doit être capturé dans ce laps de temps."
"Customweb_BNPMercanetCw::The whole transaction is cancelled.","Toute la transaction a été annulée."
"Customweb_BNPMercanetCw::There has been a problem during the processing of your payment.","Il y a eu un problème lors du traitement de votre paiement."
"Customweb_BNPMercanetCw::There has been a problem during the processing of your payment. Please contact the shop owner to make sure your order was placed successfully.","Il ya eu un problème lors du traitement de votre paiement. Veuillez contacter le propriétaire de la boutique pour vous assurer que votre commande a été placée avec succès."
"Customweb_BNPMercanetCw::There is a problem with your license. Please contact us (www.sellxed.com/support). Reason: %1","Il y a un problème avec votre licence. S'il vous plaît nous (www.sellxed.com/support) contacter. Raison: %1"
"Customweb_BNPMercanetCw::There is a problem with your license. Please contact us (www.sellxed.com/support). Reason: %s","Il y a un problème avec votre licence. S'il vous plaît contactez-nous (www.sellxed.com/support). Raison: %s"
"Customweb_BNPMercanetCw::There is already a customer registered using this email address. Please login using this email address or enter a different email address to register your account.","Il y a déjà un client enregistré avec cette adresse e-mail. Connectez-vous à l'aide de cette adresse ou insérez une adresse e-mail différente pour l'enregistrer votre compte."
"Customweb_BNPMercanetCw::There seems to be a problem with the BNP Paribas Mercanet module.","Il semble avoir un problème avec le module de BNP Paribas Mercanet."
"Customweb_BNPMercanetCw::There was an error validating the login and password.","ll y eu une erreur pendant la validation du login et du mot de passe."
"Customweb_BNPMercanetCw::This account is not confirmed. <a href=""%s"">Click here</a> to resend confirmation email.","Ce compte n'est pas confirmé. <a href=""%s"">Cliquez ici</a> pour renvoyer l'email de confirmation."
"Customweb_BNPMercanetCw::This is a brief installation instruction of the main and most important installation steps. It is important that you strictly follow the check-list. Only by doing so, the secure usage in correspondence with all security regulations can be guaranteed.","Ceci est un petit guide d'installation des paramètres principaux et les plus importantes étapes de l'installation. Il est important que vous suiviez strictement la liste de contrôle. En suivant la liste correctement, l'utilisation sécurisée en correspondance avec tous les règlements de sécurité peut être garantie."
"Customweb_BNPMercanetCw::This operation is not activated on your merchant account.","Cette opération n'est pas activé sur votre compte marchand."
"Customweb_BNPMercanetCw::This option defines how many days the transaction remains open after authorization. A value of 0 means that the authorization is captured as soon as possible. If you disable this function, you have to manually capture the transaction before it expires We recommend you to define a cron job in your shop especially if the capture delay is greater than 0 in order to automatically update the transaction status. How this can be done is described in the latest version of the integration manual. Please check with BNP Paribas Mercanet which delay is possible and what implication a delay may have.","Cette option définit combien de jours la transaction reste ouverte après l'autorisation. Une valeur de 0 signifie que l'autorisation est capturée dès que possible. Si vous désactivez cette fonction, vous devez capturer manuellement la transaction avant l'expiration. Nous vous recommandons de définir un cron dans votre boutique, surtout si le délai de capture est supérieur à 0 afin de mettre à jour automatiquement le statut de la transaction. Comment faire cela peut être lu dans la dernière version du manuel de l'intégration. Veuillez vérifier avec ___paymentServiceProviderName___ quel délai est possible et quelle implication un retard peut avoir."
"Customweb_BNPMercanetCw::This option defines how many days the transaction remains open after authorization. A value of 0 means that the authorization is captured as soon as possible. We recommend you to define a cron job in your shop especially if the capture delay is greater than 0 in order to automatically update the transaction status. How this can be done is described in the latest version of the integration manual. Please check with BNP Paribas Mercanet which delay is possible and what implication a delay may have.","Cette option définit le nombre de jours que la transaction reste ouverte après l'autorisation. Une valeur de 0 signifie que l'autorisation est capturé dès que possible. Nous vous recommandons de définir une tâche cron dans votre boutique en particulier si le délai de capture est supérieure à 0 pour mettre à jour automatiquement le statut de la transaction.  Le manuel d'intégration vous explique comment faire ça. Veuillez vérifier avec BNP Paribas Mercanet quel délai est possible et quelles complications un retard peut avoir."
"Customweb_BNPMercanetCw::This password is used for recurring payments and for the alias manager as well as for the server authorization. This is the password of the BNP Paribas Mercanet account.","Ce mot de passe est utilisé pour les paiements récurrents et pour la gestion des alias, ainsi que pour l'autorisation du serveur. C'est le mot de passe du compte BNP Paribas Mercanet."
"Customweb_BNPMercanetCw::This setting can be used to activate resp. deactivate the 3D secure check. Please check with PayBox if you are allowed to deactivate the 3D secure check. This setting has only an effect when you use the payment page.","Ce setting peut être utilisé pour activer ou désactiver le contrôle 3D Secure. Veuillez vérifier avec PayBox si vous êtes autorisé à désactiver le contrôle 3D Secure. Ce paramètre aura seulement un effet que si vous utilisez la page de paiement."
"Customweb_BNPMercanetCw::This status is set, when the payment was successfull and it is authorized.","Cet état est défini, lorsque le paiement a été un succès et il est autorisé."
"Customweb_BNPMercanetCw::This transaction is already closed for further captures.","Cette transaction a déjà été fermée pour plus de comptabilisations."
"Customweb_BNPMercanetCw::This transaction is already closed for further refunds.","Cette transaction a déjà été fermée pour d'autres remboursements."
"Customweb_BNPMercanetCw::This transaction is not in a valid state to be captured","Cette transaction n'est pas dans un état valide pour être capturé."
"Customweb_BNPMercanetCw::This transaction no longer exists.","Cette transaction n'existe plus."
"Customweb_BNPMercanetCw::Timeout for pending payments (min)","Timout pour les paiements en attente (min.)"
"Customweb_BNPMercanetCw::Titel","Titre"
"Customweb_BNPMercanetCw::Title","Titre"
"Customweb_BNPMercanetCw::Title of the payment method","Nom de la méthode de paiement"
"Customweb_BNPMercanetCw::Total","Total"
"Customweb_BNPMercanetCw::Total Shipping Charges","Total des frais d'expédition"
"Customweb_BNPMercanetCw::Track order history","Suivi de la commande"
"Customweb_BNPMercanetCw::Transaction","Transaction"
"Customweb_BNPMercanetCw::Transaction Authorized","Transaction autorisée"
"Customweb_BNPMercanetCw::Transaction Cancelled","Transaction annulée"
"Customweb_BNPMercanetCw::Transaction Captured","Transaction comptabilisée"
"Customweb_BNPMercanetCw::Transaction History","Relevé des opérations"
"Customweb_BNPMercanetCw::Transaction Id","Transaction ID"
"Customweb_BNPMercanetCw::Transaction Paid","Transacion payée"
"Customweb_BNPMercanetCw::Transaction Reference Prefix","Transaction Référence préfixe"
"Customweb_BNPMercanetCw::Transaction Uncertain","La transaction est incertaine"
"Customweb_BNPMercanetCw::Transaction Updates","Mises à jour pour les transactions"
"Customweb_BNPMercanetCw::Transaction cancelled successfully","La transaction a été annulée"
"Customweb_BNPMercanetCw::Transaction captured successfully","Transaction capturé avec succès"
"Customweb_BNPMercanetCw::Transaction history","Historique de transactions"
"Customweb_BNPMercanetCw::Transaction was authorized over the deferred authorization mechanism.","L'opération a été autorisée avec le mécanisme d'autorisation différé."
"Customweb_BNPMercanetCw::Transactions","Transactions"
"Customweb_BNPMercanetCw::Unable to decode the server response.","Impossible de décoder la réponse du serveur."
"Customweb_BNPMercanetCw::Unable to save the invoice.","Impossible d'enregistrer la facture."
"Customweb_BNPMercanetCw::Uncertain Status","Statut incertain"
"Customweb_BNPMercanetCw::Uncertain transactions","Transactions incertaines"
"Customweb_BNPMercanetCw::Update","Mettre à jour"
"Customweb_BNPMercanetCw::Update Qty's","Ajuster la quantité"
"Customweb_BNPMercanetCw::Update interval for payments","Interval de l'actualisation pour paiements via API"
"Customweb_BNPMercanetCw::Use Base Currency","Utiliser devise de base"
"Customweb_BNPMercanetCw::Use Default","Utilisez les paramètres standard"
"Customweb_BNPMercanetCw::Use base currency","Utiliser la devise de base"
"Customweb_BNPMercanetCw::V PAY","V PAY"
"Customweb_BNPMercanetCw::VISA","VISA"
"Customweb_BNPMercanetCw::VISA Electron","VISA Electron"
"Customweb_BNPMercanetCw::Validation","Valider"
"Customweb_BNPMercanetCw::Validation Time","Temps de validation"
"Customweb_BNPMercanetCw::Velocity Card","Velocity Card"
"Customweb_BNPMercanetCw::Velocity Customer Id","Velocity Customer Id"
"Customweb_BNPMercanetCw::Velocity IP","Velocity IP"
"Customweb_BNPMercanetCw::Version","Version"
"Customweb_BNPMercanetCw::View","Afficher"
"Customweb_BNPMercanetCw::Visa Electron","VISA Electron"
"Customweb_BNPMercanetCw::Wait On Success Page","Attendre sur la page de la réussite"
"Customweb_BNPMercanetCw::We cannot get the transaction instance.","Nous ne pouvons pas établir une transaction."
"Customweb_BNPMercanetCw::We experienced a problem with your sellxed payment extension. For more information, please visit the configuration page of the plugin.","Il y a un problème avec votre module de paiement sellxed. Pour plus d'informations, veuillez visiter la page d'informations du plugin."
"Customweb_BNPMercanetCw::When the store is not available (network outage, server failure or any other outage), when the feedback of BNP Paribas Mercanet is sent, then the transaction state is not updated. Hence no order confirmation e-mail is sent and the order is not in the paid state. By activating the transaction update, such transactions can be authorized later over direct link. To use this feature the update service must be activated and the API username and the API password must be set.","Lorsque la boutique n'est pas disponible (panne de réseau, une panne de serveur ou de toute autre panne), après le retour de BNP Paribas Mercanet envoyé,  le statut de la transaction ne sera pas mis à jour. Par conséquent, aucune confirmation de commande sera envoyé par e-mail et la commande n'aura pas le statut payé. En activant la mise à jour de la transaction, ces opérations peuvent être autorisées plus tard sur la liaison directe. Pour utiliser cette fonction, le service de mise à jour doit être activé et le nom d'utilisateur de l'API et le mot de passe de l'API doit être aussi configuré."
"Customweb_BNPMercanetCw::When using an external checkout, the customer can either be asked to chose an option to authenticate (as guest, register or login) or he can always be checked out as guest. For the second option to work, guest checkout has to be enabled in magento.","Lorsque vous utilisez une commande externe, le client peut soit sélectionner une option d'authentification (en tant qu'invité, inscription ou login) ou il peut toujours être vérifié en tant qu'invité. Pour la deuxième option, guest checkout doit être activé chez Magento."
"Customweb_BNPMercanetCw::White Card","White Card"
"Customweb_BNPMercanetCw::Year","Année"
"Customweb_BNPMercanetCw::Yes","Oui"
"Customweb_BNPMercanetCw::Yes, use images for the brand selection.","Oui, utiliser des images pour la sélection du type."
"Customweb_BNPMercanetCw::You can allow the customers to manage/delete their aliases in the their account.","Vous pouvez permettre aux clients de gérer / supprimer leurs alias dans leur compte."
"Customweb_BNPMercanetCw::You can decide on the order status new orders should have after they are processed successfully.","Spécifiez le statut de la commande pour les nouvelles commandes qui ont été traitées avec succès."
"Customweb_BNPMercanetCw::You can decide on the order status new orders should have that have an uncertain authorization status.","Spécifiez le statut de la commande pour les nouvelles commandes avec un statut d'autorisation incertain."
"Customweb_BNPMercanetCw::You can restrict the usable cards for this payment method by this setting. Only the selected one can be used by the customer.","Vous pouvez limiter les cartes utilisables pour ce mode de paiement par ce paramètre. Seulement les cartes choisies peuvent être utilisées par le client."
"Customweb_BNPMercanetCw::You can specify the order status for new orders that have an uncertain authorisation status.","Vous pouvez spécifier le statut de la commande pour les nouvelles commandes qui ont un statut d'autorisation incertain."
"Customweb_BNPMercanetCw::You can specify the order status for orders that are captured either directly after the order or manually in the backend.","Vous pouvez spécifier le statut de la commande pour les commandes qui sont capturés soit directement après la commande ou manuellement depuis le backend."
"Customweb_BNPMercanetCw::You can specify the order status for orders that are refused after being in a uncertain state.","Vous pouvez spécifier le statut de la commande pour les commandes qui sont refusées après avoir été dans un statut incertain."
"Customweb_BNPMercanetCw::You can specify the order status for orders that are successful after being in a uncertain state.","Vous pouvez spécifier le statut de la commande pour les commandes qui ont du succès après avoir été dans un statut incertain."
"Customweb_BNPMercanetCw::You can specify the order status when an order is cancelled.","Vous pouvez spécifier le statut de la commande quand une commande est annulée."
"Customweb_BNPMercanetCw::You created the order.","Vous avez créé la commande."
"Customweb_BNPMercanetCw::You have an invalid distance selling contract.","Vous avez un contrat de vente à distance invalide."
"Customweb_BNPMercanetCw::You have no stored aliases.","Vous n'avez pas d'alias."
"Customweb_BNPMercanetCw::You have to enter a card number.","Vous devez insérer le numéro de carte."
"Customweb_BNPMercanetCw::You have to enter bank code of your bank.","Il faut insérer le code banquaire de votre banque."
"Customweb_BNPMercanetCw::You have to enter commercial number of you company.","Il faut insérer le numéro de commerce de votre entreprise."
"Customweb_BNPMercanetCw::You have to enter either the CVC code or the issue number of your card.","Vous devez insérer le code CVC ou le numéro de série de votre carte."
"Customweb_BNPMercanetCw::You have to enter sales tax number of you company.","Vous devez insérer le numéro de la taxe de vente de votre entreprise."
"Customweb_BNPMercanetCw::You have to enter sales tax number of your company.","Vous devez insérer le numéro de la taxe de vente de votre entreprise."
"Customweb_BNPMercanetCw::You have to enter the BIC.","Vous devez saisir le code BIC."
"Customweb_BNPMercanetCw::You have to enter the CVC code from your card.","Vous devez insérer le code CVC de votre carte."
"Customweb_BNPMercanetCw::You have to enter the IBAN.","Il faut insérer l'IBAN du compte banquaire"
"Customweb_BNPMercanetCw::You have to enter the account holder name on the card.","Vous devez insérer le nom du titulaire de la carte."
"Customweb_BNPMercanetCw::You have to enter the account holder name.","Veuillez insérer ici le nom du titulaire de la carte."
"Customweb_BNPMercanetCw::You have to enter the card holder name on the card.","Vous devez insérer le titulaire de la carte."
"Customweb_BNPMercanetCw::You have to enter the location of your bank.","Vous devez insérer le lieu de votre banque."
"Customweb_BNPMercanetCw::You have to enter the name of the account owner.","Vous devez insérer le titulaire de compte"
"Customweb_BNPMercanetCw::You have to enter the name of your bank.","Vous devez insérer le nom de votre banque."
"Customweb_BNPMercanetCw::You have to enter your IBAN Number.","Il faut insérer l'IBAN du compte banquaire"
"Customweb_BNPMercanetCw::You have to enter your bank account number.","Veuillez insérer l'IBAN de votre compte banquaire."
"Customweb_BNPMercanetCw::You have to enter your social security number.","Veuillez insérer votre numéro de sécurité sociale."
"Customweb_BNPMercanetCw::You may choose one of the cards you paid before on this site.","Vous pouvez choisir parmi les cartes utilisées précédemment:"
"Customweb_BNPMercanetCw::You may choose one of your stored payment details.","Sélectionnez l'une des informations de paiement enregistrées pour le paiement"
"Customweb_BNPMercanetCw::You will be redirect to the order confirmation page.","Vous allez être redirigé vers la page de confirmation de commande."
"Customweb_BNPMercanetCw::Your browser does not allow the execution of JavaScript. Please activate JavaScript in your browser and reload this page.","Votre navigateur ne permet pas l'exécution de JavaScript. Veuillez activer JavaScript dans votre navigateur et recharger cette page."
"Customweb_BNPMercanetCw::BNPMercanetCw Aliases","BNPMercanetCw Alias"
"Customweb_BNPMercanetCw::____paymentMethodName____","____paymentMethodName____"
"Customweb_BNPMercanetCw::BNP Paribas Mercanet","BNP Paribas Mercanet"
"Customweb_BNPMercanetCw::BNP Paribas Mercanet Aliases","Alias BNP Paribas Mercanet"
"Customweb_BNPMercanetCw::BNP Paribas Mercanet Error","Erreur de BNP Paribas Mercanet"
"Customweb_BNPMercanetCw::BNP Paribas Mercanet Parameters","BNP Paribas Mercanet Paramètres"
"Customweb_BNPMercanetCw::BNP Paribas Mercanet Refund Items","BNP Paribas Mercanet _ remboursement articles"
"Customweb_BNPMercanetCw::BNP Paribas Mercanet Section","Section BNP Paribas Mercanet"
"Customweb_BNPMercanetCw::BNP Paribas Mercanet Transactions","Transactions de BNP Paribas Mercanet"
"Customweb_BNPMercanetCw::BNP Paribas Mercanet: Alias Management","BNP Paribas Mercanet: Gestion des Alias"
"Customweb_BNPMercanetCw::customweb ltd","customweb ltd"
"Customweb_BNPMercanetCw::no","no"
"Customweb_BNPMercanetCw::or","ou"
"Customweb_BNPMercanetCw::yes","Oui"
